doc_id,title,authors,year,language,publication,physical_description,record_id,source_url,pages_count,pdf_status,mrc_status,processing_status,scan_quality,music_pages_count,omr_status,comments
rsl01001872102,"Красная шапочка Сборник 9-ти песен, соединен. с декламациею: Для 2-х сопрано и альта (соло и хоры) с аккомп. ф.-п.","Абт, Франц",1892,rus,Москва Юргенсон ценз. 1892,54 с.,001872102,http://dlib.rsl.ru/rsl01001000000/rsl01001872000/rsl01001872102/rsl01001872102.pdf,64,exists,parsed,imported,unknown,,not_started,
rsl01001880747,Утоли болезни : для смешанного хора [без сопровождения],"Багрецов, Фёдор Алексеевич 1812-1874",1914,rus,Санкт-Петербург собственность издателя Н. Е. Зипалова ценз. 1914,"3 с. 27,0х19,0х0,1 см",001880747,http://dlib.rsl.ru/rsl01001000000/rsl01001880000/rsl01001880747/rsl01001880747.pdf,5,exists,parsed,imported,unknown,,not_started,
rsl01004466011,Практическая школа для пения изд. для баса или баритона,"Абт, Франц 1819-1885",1923,rus,"Москва ; Пг. Гос. изд-во, Муз. сектор 1923",79 с.,004466011,http://dlib.rsl.ru/rsl01004000000/rsl01004466000/rsl01004466011/rsl01004466011.pdf,81,exists,parsed,imported,unknown,,not_started,
rsl01004468752,"Две сонаты : си минор, соль минор : скрипка","Абако, Эваристо Феличе далль'",,rus,,8 с.,004468752,http://dlib.rsl.ru/rsl01004000000/rsl01004468000/rsl01004468752/rsl01004468752.pdf,8,exists,parsed,imported,unknown,,not_started,
rsl01004469137,Моряк скиталец : романтическая опера в 3-х действиях,"Вагнер, Рихард",,rus,П. Юргенсон,271 с.,004469137,http://dlib.rsl.ru/rsl01004000000/rsl01004469000/rsl01004469137/rsl01004469137.pdf,271,exists,parsed,imported,unknown,,not_started,
rsl01004469140,"Валькирия : первый день из трилогии ""Кольцо Нибелунгов"" : для одного фортепиано : с русским и немецким текстами","Вагнер, Рихард",,rus,Г. Шмидт,204 с.,004469140,http://dlib.rsl.ru/rsl01004000000/rsl01004469000/rsl01004469140/rsl01004469140.pdf,204,exists,parsed,imported,unknown,,not_started,
rsl01004470263,Пустыня = Le desert : ода-симфония в 3 частях,"Давид, Фелисьен",,rus,А. Гутхейль,31 с.,004470263,http://dlib.rsl.ru/rsl01004000000/rsl01004470000/rsl01004470263/rsl01004470263.pdf,30,exists,parsed,imported,unknown,,not_started,
rsl01004470876,Все-вы!,"Абаз, В.В.",,rus,Н. Х. Давингоф,5 с.,004470876,http://dlib.rsl.ru/rsl01004000000/rsl01004470000/rsl01004470876/rsl01004470876.pdf,5,exists,parsed,imported,unknown,,not_started,
rsl01004470881,Гимн святым братьям Кириллу и Мефодию : для 4-х голосного хора (смешанных голосов),"Абаза, Аркадий Максимович",,rus,А. Гутхейль,5 с.,004470881,http://dlib.rsl.ru/rsl01004000000/rsl01004470000/rsl01004470881/rsl01004470881.pdf,4,exists,parsed,imported,unknown,,not_started,
rsl01004470882,Одно мне в жизни утешенье,"Абаза, Аркадий Максимович",,rus,А. Гутхейль,3 с.,004470882,http://dlib.rsl.ru/rsl01004000000/rsl01004470000/rsl01004470882/rsl01004470882.pdf,3,exists,parsed,imported,unknown,,not_started,
rsl01004470997,"Марш из оперы ""Тангейзер"" : для духового оркестра : партитура","Вагнер, Рихард",1935,rus,Государственное музыкальное издательство 1935,28 с.,004470997,http://dlib.rsl.ru/rsl01004000000/rsl01004470000/rsl01004470997/rsl01004470997.pdf,28,exists,parsed,imported,unknown,,not_started,
rsl01004470999,Баллада : для баса,"Багриновский, Михаил Михайлович",,rus,А. Гутхейль,3 с.,004470999,http://dlib.rsl.ru/rsl01004000000/rsl01004470000/rsl01004470999/rsl01004470999.pdf,3,exists,parsed,imported,unknown,,not_started,
rsl01004471003,Из русских сказок : фантастические миниатюры для оркестра : Ор. 1 : партитура : в 4 руки,"Багриновский, Михаил Михайлович",,rus,А. Гутхейль,43 с.,004471003,http://dlib.rsl.ru/rsl01004000000/rsl01004471000/rsl01004471003/rsl01004471003.pdf,46,exists,parsed,imported,unknown,,not_started,
rsl01004471369,Листок из альбома,"Вагнер, Рихард",1934,rus,Государственное Музыкальное Издательство 1934,7 с.,004471369,http://dlib.rsl.ru/rsl01004000000/rsl01004471000/rsl01004471369/rsl01004471369.pdf,9,exists,parsed,imported,unknown,,not_started,
rsl01004472145,Barcarolle : Op. 30 № 11,"Давид, Фердинанд; Дулов, Г. сост.",1928,rus,Государственное издательство Музыкальный сектор 1928,9 с.,004472145,http://dlib.rsl.ru/rsl01004000000/rsl01004472000/rsl01004472145/rsl01004472145.pdf,10,exists,parsed,imported,unknown,,not_started,
rsl01004472176,Ты мое утро : Ор. 3,"Давидов, Алексей Августович",,rus,P. Jurgenson,5 с.,004472176,http://dlib.rsl.ru/rsl01004000000/rsl01004472000/rsl01004472176/rsl01004472176.pdf,5,exists,parsed,imported,unknown,,not_started,
rsl01004472177,"О, не грусти : Op. 3 № 3","Давидов, Алексей Августович",,rus,P. Jurgenson,3 с.,004472177,http://dlib.rsl.ru/rsl01004000000/rsl01004472000/rsl01004472177/rsl01004472177.pdf,3,exists,parsed,imported,unknown,,not_started,
rsl01004472531,Парсифаль : драма мистерия : издание для пения с фортепиано,"Вагнер, Рихард",,rus,П. Юргенсон,295 с.,004472531,http://dlib.rsl.ru/rsl01004000000/rsl01004472000/rsl01004472531/rsl01004472531.pdf,298,exists,parsed,imported,unknown,,not_started,
rsl01004472532,"Валькирия : 1-я часть трилогии ""Кольцо Нибелунга""","Вагнер, Рихард",,rus,П. Юргенсон,341 с.,004472532,http://dlib.rsl.ru/rsl01004000000/rsl01004472000/rsl01004472532/rsl01004472532.pdf,342,exists,parsed,imported,unknown,,not_started,
rsl01004472536,"Золото Рейна : вступление из трилогии ""Кольцо Нибелунга"" : с русским и немецким текстами","Вагнер, Рихард",,rus,Северная Лира,147 с.,004472536,http://dlib.rsl.ru/rsl01004000000/rsl01004472000/rsl01004472536/rsl01004472536.pdf,148,exists,parsed,imported,unknown,,not_started,
rsl01004472537,"Валькирия : 1-й день из трилогии ""Кольцо Нибелунга"" : с русским и немецким текстами","Вагнер, Рихард",,rus,Северная Лира,204 с.,004472537,http://dlib.rsl.ru/rsl01004000000/rsl01004472000/rsl01004472537/rsl01004472537.pdf,205,exists,parsed,imported,unknown,,not_started,
rsl01004472988,Романсы и песни : для пения с аккомпанементом фортепиано : № 1-4,"Абисов, К.",,rus,Петербургский музыкальный магазин,,004472988,http://dlib.rsl.ru/rsl01004000000/rsl01004472000/rsl01004472988/rsl01004472988.pdf,18,exists,parsed,imported,unknown,,not_started,
rsl01004473008,Практическая школа пения : издание для баса или баритона,"Абт, Франц",1923,rus,Государственное издательство Музыкальный сектор 1923,79 с.,004473008,http://dlib.rsl.ru/rsl01004000000/rsl01004473000/rsl01004473008/rsl01004473008.pdf,80,exists,parsed,imported,unknown,,not_started,
rsl01004473064,Какой простор! : к картине Репина,"Багриновский, Михаил Михайлович",,rus,А. Гутхейль,5 с.,004473064,http://dlib.rsl.ru/rsl01004000000/rsl01004473000/rsl01004473064/rsl01004473064.pdf,4,exists,parsed,imported,unknown,,not_started,
rsl01004473106,Вчера и сегодня,"Багриновский, Михаил Михайлович",,rus,А. Гутхейль,3 с.,004473106,http://dlib.rsl.ru/rsl01004000000/rsl01004473000/rsl01004473106/rsl01004473106.pdf,3,exists,parsed,imported,unknown,,not_started,
rsl01004473127,"Признание : романс Зины ""Он мой покой"" : слова из оперы ""Цыг. ром. в лицах"" Н. Северского","Абаза, Эраст",,rus,Николай Христофорович Давингоф,3 с.,004473127,http://dlib.rsl.ru/rsl01004000000/rsl01004473000/rsl01004473127/rsl01004473127.pdf,2,exists,parsed,imported,unknown,,not_started,
rsl01004473921,Дремлют плакучие ивы : романс,"Б., Б.",,rus,К. Леопас,3 с.,004473921,http://dlib.rsl.ru/rsl01004000000/rsl01004473000/rsl01004473921/rsl01004473921.pdf,3,exists,parsed,imported,unknown,,not_started,
rsl01004474306,Астры : Ор. 8,"Давидов, Алексей Августович",,rus,П. Юргенсон,3 с.,004474306,http://dlib.rsl.ru/rsl01004000000/rsl01004474000/rsl01004474306/rsl01004474306.pdf,2,exists,parsed,imported,unknown,,not_started,
rsl01004474307,Вечер гаснет : Ор. 4 № 2,"Давидов, Алексей Августович",,rus,П. Юргенсон,5 с.,004474307,http://dlib.rsl.ru/rsl01004000000/rsl01004474000/rsl01004474307/rsl01004474307.pdf,4,exists,parsed,imported,unknown,,not_started,
rsl01004474316,Потонувший колокол = Die versunkene Glocke : опера в 4-х актах,"Давидов, Алексей Августович",,rus,P. Jurgenson,243 с.,004474316,http://dlib.rsl.ru/rsl01004000000/rsl01004474000/rsl01004474316/rsl01004474316.pdf,,missing,parsed,imported,unknown,,not_started,
rsl01004475459,Соната : в 4-х частях : для фортепиано,"Абрамский, Александр Савватьевич",1928,rus,Музсектор Госиздата 1928,25 с.,004475459,http://dlib.rsl.ru/rsl01004000000/rsl01004475000/rsl01004475459/rsl01004475459.pdf,21,exists,parsed,imported,unknown,,not_started,
rsl01004475471,Новая полная общедоступная школа для кларнета : Часть 1 удобна для самообучения,"Баганц, А.Ф.",1927,rus,Государственное издательство Музыкальный сектор 1927,47 с.,004475471,http://dlib.rsl.ru/rsl01004000000/rsl01004475000/rsl01004475471/rsl01004475471.pdf,47,exists,parsed,imported,unknown,,not_started,
rsl01004475472,"Школа для балалайки : Часть 2 Пьесы для 6 балалаек, 4-х домр, гудка и свирелей по нотной системе","Бабкин, Борис Петрович",,rus,Ф. Пасербский,29 с.,004475472,http://dlib.rsl.ru/rsl01004000000/rsl01004475000/rsl01004475472/rsl01004475472.pdf,32,exists,parsed,imported,unknown,,not_started,
rsl01004476185,"Попурри : из оперы ""Руслан и Людмила"" М.И. Глинки","Евгениев, Андрей Иванович",,rus,Ф. Стелловский,57 с.,004476185,http://dlib.rsl.ru/rsl01004000000/rsl01004476000/rsl01004476185/rsl01004476185.pdf,57,exists,parsed,imported,unknown,,not_started,
rsl01004476611,Заклинание : Ор. 1 № 2 : сопрано,"Багадуров, Всеволод Алавердиевич",,rus,П. Юргенсон,5 с.,004476611,http://dlib.rsl.ru/rsl01004000000/rsl01004476000/rsl01004476611/rsl01004476611.pdf,5,exists,parsed,imported,unknown,,not_started,
rsl01004477222,"Песня Вольфрама : из музык. драмы ""Тангейзер"" : пение и фортепиано","Вагнер, Рихард",,rus,,,004477222,http://dlib.rsl.ru/rsl01004000000/rsl01004477000/rsl01004477222/rsl01004477222.pdf,4,exists,parsed,imported,unknown,,not_started,
rsl01004477659,Весна монастырская : Ор. 1 № 4,"Багадуров, Всеволод Алавердиевич",,rus,П. Юргенсон,9 с.,004477659,http://dlib.rsl.ru/rsl01004000000/rsl01004477000/rsl01004477659/rsl01004477659.pdf,8,exists,parsed,imported,unknown,,not_started,
rsl01004477914,Две чеченских песни : Прощание с милым : Любовная (Веселая) : №№ 1-2 : для 7 струнной гитары,"Давиденко, Александр Александрович",1932,rus,Москва Государственное музыкальное издательство 1932,3 с.,004477914,http://dlib.rsl.ru/rsl01004000000/rsl01004477000/rsl01004477914/rsl01004477914.pdf,3,exists,parsed,imported,unknown,,not_started,
rsl01004477924,Гимн народовольцев : фортепиано,"Давиденко, Александр Александрович",1931,rus,Москва Государственное музыкальное издательство 1931,3 с.,004477924,http://dlib.rsl.ru/rsl01004000000/rsl01004477000/rsl01004477924/rsl01004477924.pdf,3,exists,parsed,imported,unknown,,not_started,
rsl01004478004,"Песня Вольфрама : из музык. драмы ""Тангейзер""","Вагнер, Рихард",,rus,,4 с.,004478004,http://dlib.rsl.ru/rsl01004000000/rsl01004478000/rsl01004478004/rsl01004478004.pdf,4,exists,parsed,imported,unknown,,not_started,
rsl01004478024,Царский солдат : военная песня : для одного голоса с хором ad libitum,"Евгеньев, Андрей Иванович",,rus,Санкт-Петербург Стелловский,12 с.,004478024,http://dlib.rsl.ru/rsl01004000000/rsl01004478000/rsl01004478024/rsl01004478024.pdf,12,exists,parsed,imported,unknown,,not_started,
rsl01010549152,Причастен : Во всю землю изыде вещание их : на два [смешанных] хора [без сопровождения],"Бортнянский, Дмитрий Степанович 1751-1825",1815,rus,"В Санкт-Петербурге [1815] гравировано и печатано у Ивана Фуса, в малой Миллионной, по № 61","10 с. (партит.), 8 с. разд. паг. (партии) 22,5х32,0 см",010549152,http://dlib.rsl.ru/rsl01010000000/rsl01010549000/rsl01010549152/rsl01010549152.pdf,31,exists,parsed,imported,unknown,,not_started,
rsl01010590489,"Музыка в нас : исполнительская практика эстрадного вокального ансамбля ""Эва"" : репертуарный сборник : направление подготовки: 53.03.01 ""Музыкальное искусство эстрады"", профиль подготовки ""Эстрадно-джазовое пение"" : для студентов учебных заведений культуры и искусства","Вингертер, Наталья Николаевна; Государственное бюджетное образовательное учреждение высшего образования ""Кемеровский государственный институт искусств и культуры"" Факультет музыкального искусства Кафедра эстрадного оркестра и ансамбля",2020,rus,Кемерово Кемеров. гос. ин-т искусств и культуры 2020,67 с. 30 см,010590489,http://dlib.rsl.ru/rsl01010000000/rsl01010590000/rsl01010590489/rsl01010590489.pdf,69,exists,parsed,imported,unknown,,not_started,
rsl01011321153,Marsch : des Mamelucken Corps : bey Napoleon's Kroenung : [для фортепиано],,1800,ger,[Б. м.] [б. и.] [1800-1812],"[1] с. 25,0×34,0x0,5 см",011321153,http://dlib.rsl.ru/rsl01011000000/rsl01011321000/rsl01011321153/rsl01011321153.pdf,5,exists,parsed,imported,unknown,,not_started,
rsl01011371809,Walzer : auf den Einzug der allürten Armeen in Paris : [für piano-forte],,1807,ger,Leipzig Berlin Kunst- und Industrie-Comptoir [1807],"[1] c. 24,5х34,0х0,2 см",011371809,http://dlib.rsl.ru/rsl01011000000/rsl01011371000/rsl01011371809/rsl01011371809.pdf,3,exists,parsed,imported,unknown,,not_started,
rsl01011551237,"Sechs Praludien : für die Orgel oder das Pianoforte : op. XII, № 2 (1-6)","Albrechtsberger, Johann Georg 1736-1809",1803,ger,Wien Verlag der Kunst und Industrie [1803],"13, [1] с. 24,0х33,0х2,5 см",011551237,http://dlib.rsl.ru/rsl01011000000/rsl01011551000/rsl01011551237/rsl01011551237.pdf,15,exists,parsed,imported,unknown,,not_started,
rsl01011764135,Ч. 2,,1866,rus fre,ценз. 1866,"28-77, [3] с. 34,5х25,5х1,0 см",011764135,http://dlib.rsl.ru/rsl01011000000/rsl01011764000/rsl01011764135/rsl01011764135.pdf,59,exists,parsed,imported,unknown,,not_started,
rsl01012190186,Monathliche Clavier-Unterhaltungen : [für Clavier und Singstimmen],"Burmann, Gottlob Wilhelm 1737-1805; Burmann, Gottlob Wilhelm 1737-1805 авт. авт. предисл.",1779,ger,Berlin s. l. 1779,"[52] с. ил. 31,0х27,3х0,9 см",012190186,http://dlib.rsl.ru/rsl01012000000/rsl01012190000/rsl01012190186/rsl01012190186.pdf,61,exists,parsed,imported,unknown,,not_started,
rsl01012548998,Le Forgeron musicien : pour harmonium,"Händel, Georg Friedrich 1685-1759; Engel, Louis [fl.1860? — fl.1899?] авт. аранж.",1865,fre,Vienne C. A. Spina [1865],"5, [1] с. 34,3х26,1х0,1 см",012548998,http://dlib.rsl.ru/rsl01012000000/rsl01012548000/rsl01012548998/rsl01012548998.pdf,7,exists,parsed,imported,unknown,,not_started,
rsl01013682642,Nocturno [Andantino : 6/8 : Es-dur : pour le piano] : [автограф с подписью],"Feist, Constantin",1858,fre,Харьков 1858,"7 [4+III] л. 37,4 х 27,1 х 0,5 см",013682642,http://dlib.rsl.ru/rsl01013000000/rsl01013682000/rsl01013682642/rsl01013682642.pdf,23,exists,parsed,imported,unknown,,not_started,
rsl01013687437,"Альбом вокальных пьес, посвященных императрице Александре Федоровне [автограф]","Шопенгауэр, Артур 1788-1860 RSL11-000002020 авт. сл.; Гёте, Иоганн Вольфганг 1749-1832 RSL11-000085073 авт. сл.",1820,ger ita,[Б. м.] [вторая половина 1820-х],30 л.,013687437,http://dlib.rsl.ru/rsl01013000000/rsl01013687000/rsl01013687437/rsl01013687437.pdf,71,exists,parsed,imported,unknown,,not_started,
rsl01013957967,Ирмосы воскресные : [8-ми гласов] : греческого напева : [для мужского хора без сопповождения],,1913,rus,Санкт-Петербург собств. Придвор. певч. капеллы 1913 Литогр. Г. Шмидта,"4 парт. (80 с. разд. паг.) 27,0х17,5х0,4 см",013957967,http://dlib.rsl.ru/rsl01013000000/rsl01013957000/rsl01013957967/rsl01013957967.pdf,85,exists,parsed,imported,unknown,,not_started,
