doc_id,page_index,page_type,has_music,quality_comment,image_path,has_music_pred,has_music_score,validation_source,needs_review,review_reason,priority_group
rsl01001872102,1,unknown,0,,outputs\pages\rsl01001872102\page_001.png,0,0.2559,manual_previous,1,unknown;uncertain_score;first_2_pages;high_score_non_music,boundary_pages;uncertain;unknown
rsl01001872102,2,unknown,0,,outputs\pages\rsl01001872102\page_002.png,0,0.285,manual_previous,1,unknown;uncertain_score;first_2_pages;high_score_non_music,boundary_pages;uncertain;unknown
rsl01001872102,5,title,0,,outputs\pages\rsl01001872102\page_005.png,0,0.4151,manual_previous,1,uncertain_score;high_score_non_music,uncertain
rsl01001872102,6,unknown,0,,outputs\pages\rsl01001872102\page_006.png,0,0.0,manual_previous,1,unknown,unknown
rsl01001872102,63,blank,0,"empty page, manually corrected after visual check",outputs\pages\rsl01001872102\page_063.png,0,0.0352,manual_previous,0,last_2_pages,boundary_pages
rsl01001872102,64,unknown,0,,outputs\pages\rsl01001872102\page_064.png,0,0.0,manual_previous,1,unknown;last_2_pages,boundary_pages;unknown
rsl01001880747,1,title,0,,outputs\pages\rsl01001880747\page_001.png,1,1.0,manual_previous,1,first_2_pages,boundary_pages
rsl01001880747,2,music,1,,outputs\pages\rsl01001880747\page_002.png,1,1.0,manual_previous,0,first_2_pages,boundary_pages
rsl01001880747,4,text,0,,outputs\pages\rsl01001880747\page_004.png,1,0.46,manual_previous,1,uncertain_score;last_2_pages;low_confidence_music,boundary_pages;uncertain
rsl01001880747,5,text,0,,outputs\pages\rsl01001880747\page_005.png,0,0.32,manual_previous,1,uncertain_score;last_2_pages;high_score_non_music,boundary_pages;uncertain
rsl01004466011,1,unknown,0,,outputs\pages\rsl01004466011\page_001.png,0,0.1465,manual_previous,1,unknown;uncertain_score;first_2_pages;high_score_non_music,boundary_pages;uncertain;unknown
rsl01004466011,2,unknown,0,,outputs\pages\rsl01004466011\page_002.png,0,0.0,manual_previous,1,unknown;first_2_pages,boundary_pages;unknown
rsl01004466011,3,unknown,0,,outputs\pages\rsl01004466011\page_003.png,0,0.0,manual_previous,1,unknown,unknown
rsl01004466011,50,music,1,,outputs\pages\rsl01004466011\page_050.png,1,0.9,manual_previous,1,uncertain_score;low_confidence_music,uncertain
rsl01004466011,80,music,1,,outputs\pages\rsl01004466011\page_080.png,1,1.0,manual_previous,0,last_2_pages,boundary_pages
rsl01004466011,81,music,1,,outputs\pages\rsl01004466011\page_081.png,1,1.0,manual_previous,0,last_2_pages,boundary_pages
rsl01004468752,1,title,0,,outputs\pages\rsl01004468752\page_001.png,0,0.0,manual_previous,0,first_2_pages,boundary_pages
rsl01004468752,2,music,1,,outputs\pages\rsl01004468752\page_002.png,1,1.0,manual_previous,0,first_2_pages,boundary_pages
rsl01004468752,7,music,1,,outputs\pages\rsl01004468752\page_007.png,1,0.8,manual_previous,1,uncertain_score;last_2_pages;low_confidence_music,boundary_pages;uncertain
rsl01004468752,8,music,1,,outputs\pages\rsl01004468752\page_008.png,1,1.0,manual_previous,0,last_2_pages,boundary_pages
rsl01004469137,1,title,0,,outputs\pages\rsl01004469137\page_001.png,0,0.2973,manual_previous,1,uncertain_score;first_2_pages;high_score_non_music,boundary_pages;uncertain
rsl01004469137,2,title,0,,outputs\pages\rsl01004469137\page_002.png,0,0.1839,manual_previous,1,uncertain_score;first_2_pages;high_score_non_music,boundary_pages;uncertain
rsl01004469137,21,music,1,,outputs\pages\rsl01004469137\page_021.png,1,1.0,manual_previous,0,random_confident_music,random_confident_music
rsl01004469137,145,music,1,,outputs\pages\rsl01004469137\page_145.png,1,0.6,manual_previous,1,uncertain_score;low_confidence_music,uncertain
rsl01004469137,270,music,1,,outputs\pages\rsl01004469137\page_270.png,1,1.0,manual_previous,0,last_2_pages,boundary_pages
rsl01004469137,271,music,1,,outputs\pages\rsl01004469137\page_271.png,1,1.0,manual_previous,0,last_2_pages,boundary_pages
rsl01004469140,1,music,1,,outputs\pages\rsl01004469140\page_001.png,1,1.0,template_prediction,1,template_prediction;first_2_pages,boundary_pages
rsl01004469140,2,unknown,0,,outputs\pages\rsl01004469140\page_002.png,0,0.0712,template_prediction,1,template_prediction;unknown;first_2_pages;high_score_non_music,boundary_pages;uncertain;unknown
rsl01004469140,21,music,1,,outputs\pages\rsl01004469140\page_021.png,1,0.9137,template_prediction,1,template_prediction;low_confidence_music,uncertain
rsl01004469140,24,music,1,,outputs\pages\rsl01004469140\page_024.png,1,1.0,template_prediction,1,template_prediction,random_confident_music
rsl01004469140,27,music,1,,outputs\pages\rsl01004469140\page_027.png,1,1.0,template_prediction,1,template_prediction,random_confident_music
rsl01004469140,34,music,1,,outputs\pages\rsl01004469140\page_034.png,1,1.0,template_prediction,1,template_prediction,random_confident_music
rsl01004469140,38,music,1,,outputs\pages\rsl01004469140\page_038.png,1,1.0,template_prediction,1,template_prediction,random_confident_music
rsl01004469140,61,music,1,,outputs\pages\rsl01004469140\page_061.png,1,1.0,template_prediction,1,template_prediction,random_confident_music
rsl01004469140,66,music,1,,outputs\pages\rsl01004469140\page_066.png,1,1.0,template_prediction,1,template_prediction,random_confident_music
rsl01004469140,115,music,1,,outputs\pages\rsl01004469140\page_115.png,1,1.0,template_prediction,1,template_prediction,random_confident_music
rsl01004469140,119,music,1,,outputs\pages\rsl01004469140\page_119.png,1,1.0,template_prediction,1,template_prediction,random_confident_music
rsl01004469140,134,music,1,,outputs\pages\rsl01004469140\page_134.png,1,1.0,template_prediction,1,template_prediction,random_confident_music
rsl01004469140,136,music,1,,outputs\pages\rsl01004469140\page_136.png,1,1.0,template_prediction,1,template_prediction,random_confident_music
rsl01004469140,151,music,1,,outputs\pages\rsl01004469140\page_151.png,1,1.0,template_prediction,1,template_prediction,random_confident_music
rsl01004469140,162,music,1,,outputs\pages\rsl01004469140\page_162.png,1,1.0,template_prediction,1,template_prediction,random_confident_music
rsl01004469140,164,music,1,,outputs\pages\rsl01004469140\page_164.png,1,1.0,template_prediction,1,template_prediction,random_confident_music
rsl01004469140,171,music,1,,outputs\pages\rsl01004469140\page_171.png,1,1.0,template_prediction,1,template_prediction,random_confident_music
rsl01004469140,179,music,1,,outputs\pages\rsl01004469140\page_179.png,1,1.0,template_prediction,1,template_prediction,random_confident_music
rsl01004469140,182,music,1,,outputs\pages\rsl01004469140\page_182.png,1,1.0,template_prediction,1,template_prediction,random_confident_music
rsl01004469140,201,music,1,,outputs\pages\rsl01004469140\page_201.png,1,1.0,template_prediction,1,template_prediction,random_confident_music
rsl01004469140,203,music,1,,outputs\pages\rsl01004469140\page_203.png,1,1.0,template_prediction,1,template_prediction;last_2_pages;random_confident_music,boundary_pages
rsl01004469140,204,music,1,,outputs\pages\rsl01004469140\page_204.png,1,1.0,template_prediction,1,template_prediction;last_2_pages,boundary_pages
rsl01004470876,1,unknown,0,,outputs\pages\rsl01004470876\page_001.png,0,0.1448,manual_previous,1,unknown;uncertain_score;first_2_pages;high_score_non_music,boundary_pages;uncertain;unknown
rsl01004470876,2,music,1,,outputs\pages\rsl01004470876\page_002.png,1,1.0,manual_previous,0,first_2_pages,boundary_pages
rsl01004470876,4,music,1,,outputs\pages\rsl01004470876\page_004.png,1,1.0,manual_previous,0,last_2_pages,boundary_pages
rsl01004470876,5,music,1,,outputs\pages\rsl01004470876\page_005.png,1,1.0,manual_previous,0,last_2_pages,boundary_pages
rsl01004470881,1,unknown,0,,outputs\pages\rsl01004470881\page_001.png,0,0.1078,template_prediction,1,template_prediction;unknown;uncertain_score;first_2_pages;high_score_non_music,boundary_pages;uncertain;unknown
rsl01004470881,2,music,1,,outputs\pages\rsl01004470881\page_002.png,1,1.0,template_prediction,1,template_prediction;first_2_pages,boundary_pages
rsl01004470881,3,music,1,,outputs\pages\rsl01004470881\page_003.png,1,1.0,template_prediction,1,template_prediction;last_2_pages,boundary_pages
rsl01004470881,4,music,1,,outputs\pages\rsl01004470881\page_004.png,1,1.0,template_prediction,1,template_prediction;last_2_pages;random_confident_music,boundary_pages
rsl01004470882,1,unknown,0,,outputs\pages\rsl01004470882\page_001.png,0,0.1444,template_prediction,1,template_prediction;unknown;uncertain_score;first_2_pages;high_score_non_music,boundary_pages;uncertain;unknown
rsl01004470882,2,music,1,,outputs\pages\rsl01004470882\page_002.png,1,0.9021,template_prediction,1,template_prediction;first_2_pages;last_2_pages;low_confidence_music,boundary_pages;uncertain
rsl01004470882,3,music,1,,outputs\pages\rsl01004470882\page_003.png,1,0.9996,template_prediction,1,template_prediction;last_2_pages,boundary_pages
rsl01004470997,1,unknown,0,,outputs\pages\rsl01004470997\page_001.png,0,0.2546,template_prediction,1,template_prediction;unknown;uncertain_score;first_2_pages;high_score_non_music,boundary_pages;uncertain;unknown
rsl01004470997,2,music,1,,outputs\pages\rsl01004470997\page_002.png,1,1.0,template_prediction,1,template_prediction;first_2_pages,boundary_pages
rsl01004470997,6,music,1,,outputs\pages\rsl01004470997\page_006.png,1,0.6,template_prediction,1,template_prediction;uncertain_score;low_confidence_music,uncertain
rsl01004470997,19,music,1,,outputs\pages\rsl01004470997\page_019.png,1,1.0,template_prediction,1,template_prediction,random_confident_music
rsl01004470997,27,music,1,,outputs\pages\rsl01004470997\page_027.png,1,1.0,template_prediction,1,template_prediction;last_2_pages,boundary_pages
rsl01004470997,28,music,1,,outputs\pages\rsl01004470997\page_028.png,1,1.0,template_prediction,1,template_prediction;last_2_pages,boundary_pages
rsl01004470999,1,music,1,,outputs\pages\rsl01004470999\page_001.png,1,0.6118,template_prediction,1,template_prediction;uncertain_score;first_2_pages;low_confidence_music,boundary_pages;uncertain
rsl01004470999,2,music,1,,outputs\pages\rsl01004470999\page_002.png,1,1.0,template_prediction,1,template_prediction;first_2_pages;last_2_pages,boundary_pages
rsl01004470999,3,music,1,,outputs\pages\rsl01004470999\page_003.png,1,1.0,template_prediction,1,template_prediction;last_2_pages,boundary_pages
rsl01004471003,1,unknown,0,,outputs\pages\rsl01004471003\page_001.png,0,0.3743,template_prediction,1,template_prediction;unknown;uncertain_score;first_2_pages;high_score_non_music,boundary_pages;uncertain;unknown
rsl01004471003,2,unknown,0,,outputs\pages\rsl01004471003\page_002.png,0,0.2574,template_prediction,1,template_prediction;unknown;uncertain_score;first_2_pages;high_score_non_music,boundary_pages;uncertain;unknown
rsl01004471003,3,unknown,0,,outputs\pages\rsl01004471003\page_003.png,0,0.0366,template_prediction,1,template_prediction;unknown,unknown
rsl01004471003,22,music,1,,outputs\pages\rsl01004471003\page_022.png,1,1.0,template_prediction,1,template_prediction,random_confident_music
rsl01004471003,31,music,1,,outputs\pages\rsl01004471003\page_031.png,1,0.8,template_prediction,1,template_prediction;uncertain_score;low_confidence_music,uncertain
rsl01004471003,32,music,1,,outputs\pages\rsl01004471003\page_032.png,1,0.8,template_prediction,1,template_prediction;uncertain_score;low_confidence_music,uncertain
rsl01004471003,33,music,1,,outputs\pages\rsl01004471003\page_033.png,1,0.8,template_prediction,1,template_prediction;uncertain_score;low_confidence_music,uncertain
rsl01004471003,34,music,1,,outputs\pages\rsl01004471003\page_034.png,1,0.8,template_prediction,1,template_prediction;uncertain_score;low_confidence_music,uncertain
rsl01004471003,35,music,1,,outputs\pages\rsl01004471003\page_035.png,1,0.6,template_prediction,1,template_prediction;uncertain_score;low_confidence_music,uncertain
rsl01004471003,45,music,1,,outputs\pages\rsl01004471003\page_045.png,1,1.0,template_prediction,1,template_prediction;last_2_pages,boundary_pages
rsl01004471003,46,music,1,,outputs\pages\rsl01004471003\page_046.png,1,1.0,template_prediction,1,template_prediction;last_2_pages,boundary_pages
rsl01004471369,1,music,1,,outputs\pages\rsl01004471369\page_001.png,1,0.741,template_prediction,1,template_prediction;uncertain_score;first_2_pages;low_confidence_music,boundary_pages;uncertain
rsl01004471369,2,music,1,,outputs\pages\rsl01004471369\page_002.png,1,1.0,template_prediction,1,template_prediction;first_2_pages,boundary_pages
rsl01004471369,8,music,1,,outputs\pages\rsl01004471369\page_008.png,1,1.0,template_prediction,1,template_prediction;last_2_pages,boundary_pages
rsl01004471369,9,music,1,,outputs\pages\rsl01004471369\page_009.png,1,1.0,template_prediction,1,template_prediction;last_2_pages,boundary_pages
rsl01004472531,1,unknown,0,,outputs\pages\rsl01004472531\page_001.png,0,0.3423,template_prediction,1,template_prediction;unknown;uncertain_score;first_2_pages;high_score_non_music,boundary_pages;uncertain;unknown
rsl01004472531,2,unknown,0,,outputs\pages\rsl01004472531\page_002.png,0,0.0708,template_prediction,1,template_prediction;unknown;first_2_pages;high_score_non_music,boundary_pages;uncertain;unknown
rsl01004472531,3,unknown,0,,outputs\pages\rsl01004472531\page_003.png,0,0.0,template_prediction,1,template_prediction;unknown,unknown
rsl01004472531,4,unknown,0,,outputs\pages\rsl01004472531\page_004.png,0,0.0706,template_prediction,1,template_prediction;unknown;high_score_non_music,uncertain;unknown
rsl01004472531,5,unknown,0,,outputs\pages\rsl01004472531\page_005.png,0,0.0,template_prediction,1,template_prediction;unknown,unknown
rsl01004472531,6,unknown,0,,outputs\pages\rsl01004472531\page_006.png,0,0.0,template_prediction,1,template_prediction;unknown,unknown
rsl01004472531,7,unknown,0,,outputs\pages\rsl01004472531\page_007.png,0,0.0,template_prediction,1,template_prediction;unknown,unknown
rsl01004472531,8,unknown,0,,outputs\pages\rsl01004472531\page_008.png,0,0.0,template_prediction,1,template_prediction;unknown,unknown
rsl01004472531,9,unknown,0,,outputs\pages\rsl01004472531\page_009.png,0,0.0,template_prediction,1,template_prediction;unknown,unknown
rsl01004472531,10,unknown,0,,outputs\pages\rsl01004472531\page_010.png,0,0.0,template_prediction,1,template_prediction;unknown,unknown
rsl01004472531,11,unknown,0,,outputs\pages\rsl01004472531\page_011.png,0,0.0,template_prediction,1,template_prediction;unknown,unknown
rsl01004472531,12,unknown,0,,outputs\pages\rsl01004472531\page_012.png,0,0.0,template_prediction,1,template_prediction;unknown,unknown
rsl01004472531,13,unknown,0,,outputs\pages\rsl01004472531\page_013.png,0,0.0,template_prediction,1,template_prediction;unknown,unknown
rsl01004472531,14,unknown,0,,outputs\pages\rsl01004472531\page_014.png,0,0.0,template_prediction,1,template_prediction;unknown,unknown
rsl01004472531,15,unknown,0,,outputs\pages\rsl01004472531\page_015.png,0,0.0,template_prediction,1,template_prediction;unknown,unknown
rsl01004472531,16,unknown,0,,outputs\pages\rsl01004472531\page_016.png,0,0.0365,template_prediction,1,template_prediction;unknown,unknown
rsl01004472531,17,unknown,0,,outputs\pages\rsl01004472531\page_017.png,0,0.0,template_prediction,1,template_prediction;unknown,unknown
rsl01004472531,18,unknown,0,,outputs\pages\rsl01004472531\page_018.png,0,0.0,template_prediction,1,template_prediction;unknown,unknown
rsl01004472531,19,unknown,0,,outputs\pages\rsl01004472531\page_019.png,0,0.0,template_prediction,1,template_prediction;unknown,unknown
rsl01004472531,25,music,1,,outputs\pages\rsl01004472531\page_025.png,1,1.0,template_prediction,1,template_prediction,random_confident_music
rsl01004472531,33,music,1,,outputs\pages\rsl01004472531\page_033.png,1,1.0,template_prediction,1,template_prediction;random_confident_music,random_confident_music
rsl01004472531,40,music,1,,outputs\pages\rsl01004472531\page_040.png,1,0.9897,template_prediction,1,template_prediction;random_confident_music,random_confident_music
rsl01004472531,41,music,1,,outputs\pages\rsl01004472531\page_041.png,1,0.9171,template_prediction,1,template_prediction;low_confidence_music,uncertain
rsl01004472531,42,music,1,,outputs\pages\rsl01004472531\page_042.png,1,0.9658,template_prediction,1,template_prediction,random_confident_music
rsl01004472531,56,music,1,,outputs\pages\rsl01004472531\page_056.png,1,0.6,template_prediction,1,template_prediction;uncertain_score;low_confidence_music,uncertain
rsl01004472531,59,music,1,,outputs\pages\rsl01004472531\page_059.png,1,1.0,template_prediction,1,template_prediction,random_confident_music
rsl01004472531,72,music,1,,outputs\pages\rsl01004472531\page_072.png,1,0.6,template_prediction,1,template_prediction;uncertain_score;low_confidence_music,uncertain
rsl01004472531,102,music,1,,outputs\pages\rsl01004472531\page_102.png,1,0.8,template_prediction,1,template_prediction;uncertain_score;low_confidence_music,uncertain
rsl01004472531,104,music,1,,outputs\pages\rsl01004472531\page_104.png,1,1.0,template_prediction,1,template_prediction,random_confident_music
rsl01004472531,116,music,1,,outputs\pages\rsl01004472531\page_116.png,1,0.8,template_prediction,1,template_prediction;uncertain_score;low_confidence_music,uncertain
rsl01004472531,119,music,1,,outputs\pages\rsl01004472531\page_119.png,1,1.0,template_prediction,1,template_prediction,random_confident_music
rsl01004472531,141,music,1,,outputs\pages\rsl01004472531\page_141.png,1,1.0,template_prediction,1,template_prediction,random_confident_music
rsl01004472531,152,music,1,,outputs\pages\rsl01004472531\page_152.png,1,1.0,template_prediction,1,template_prediction,random_confident_music
rsl01004472531,159,music,1,,outputs\pages\rsl01004472531\page_159.png,1,1.0,template_prediction,1,template_prediction,random_confident_music
rsl01004472531,161,music,1,,outputs\pages\rsl01004472531\page_161.png,1,1.0,template_prediction,1,template_prediction,random_confident_music
rsl01004472531,163,music,1,,outputs\pages\rsl01004472531\page_163.png,1,1.0,template_prediction,1,template_prediction,random_confident_music
rsl01004472531,169,music,1,,outputs\pages\rsl01004472531\page_169.png,1,1.0,template_prediction,1,template_prediction,random_confident_music
rsl01004472531,178,music,1,,outputs\pages\rsl01004472531\page_178.png,1,1.0,template_prediction,1,template_prediction,random_confident_music
rsl01004472531,188,music,1,,outputs\pages\rsl01004472531\page_188.png,1,1.0,template_prediction,1,template_prediction,random_confident_music
rsl01004472531,213,music,1,,outputs\pages\rsl01004472531\page_213.png,1,1.0,template_prediction,1,template_prediction;random_confident_music,random_confident_music
rsl01004472531,253,music,1,,outputs\pages\rsl01004472531\page_253.png,1,1.0,template_prediction,1,template_prediction,random_confident_music
rsl01004472531,258,music,1,,outputs\pages\rsl01004472531\page_258.png,1,1.0,template_prediction,1,template_prediction,random_confident_music
rsl01004472531,264,music,1,,outputs\pages\rsl01004472531\page_264.png,1,1.0,template_prediction,1,template_prediction,random_confident_music
rsl01004472531,275,music,1,,outputs\pages\rsl01004472531\page_275.png,1,1.0,template_prediction,1,template_prediction,random_confident_music
rsl01004472531,281,music,1,,outputs\pages\rsl01004472531\page_281.png,1,1.0,template_prediction,1,template_prediction,random_confident_music
rsl01004472531,297,unknown,0,,outputs\pages\rsl01004472531\page_297.png,0,0.0,template_prediction,1,template_prediction;unknown;last_2_pages,boundary_pages;unknown
rsl01004472531,298,unknown,0,,outputs\pages\rsl01004472531\page_298.png,0,0.1508,template_prediction,1,template_prediction;unknown;uncertain_score;last_2_pages;high_score_non_music,boundary_pages;uncertain;unknown
rsl01004472532,1,unknown,0,,outputs\pages\rsl01004472532\page_001.png,0,0.3707,template_prediction,1,template_prediction;unknown;uncertain_score;first_2_pages;high_score_non_music,boundary_pages;uncertain;unknown
rsl01004472532,2,unknown,0,,outputs\pages\rsl01004472532\page_002.png,0,0.0353,template_prediction,1,template_prediction;unknown;first_2_pages,boundary_pages;unknown
rsl01004472532,3,unknown,0,,outputs\pages\rsl01004472532\page_003.png,0,0.0,template_prediction,1,template_prediction;unknown,unknown
rsl01004472532,4,unknown,0,,outputs\pages\rsl01004472532\page_004.png,0,0.0353,template_prediction,1,template_prediction;unknown,unknown
rsl01004472532,5,unknown,0,,outputs\pages\rsl01004472532\page_005.png,0,0.0,template_prediction,1,template_prediction;unknown,unknown
rsl01004472532,6,unknown,0,,outputs\pages\rsl01004472532\page_006.png,0,0.0,template_prediction,1,template_prediction;unknown,unknown
rsl01004472532,7,unknown,0,,outputs\pages\rsl01004472532\page_007.png,0,0.0,template_prediction,1,template_prediction;unknown,unknown
rsl01004472532,8,unknown,0,,outputs\pages\rsl01004472532\page_008.png,0,0.0,template_prediction,1,template_prediction;unknown,unknown
rsl01004472532,9,unknown,0,,outputs\pages\rsl01004472532\page_009.png,0,0.0,template_prediction,1,template_prediction;unknown,unknown
rsl01004472532,10,unknown,0,,outputs\pages\rsl01004472532\page_010.png,0,0.0364,template_prediction,1,template_prediction;unknown,unknown
rsl01004472532,11,unknown,0,,outputs\pages\rsl01004472532\page_011.png,0,0.0,template_prediction,1,template_prediction;unknown,unknown
rsl01004472532,12,unknown,0,,outputs\pages\rsl01004472532\page_012.png,0,0.0,template_prediction,1,template_prediction;unknown,unknown
rsl01004472532,13,unknown,0,,outputs\pages\rsl01004472532\page_013.png,0,0.0,template_prediction,1,template_prediction;unknown,unknown
rsl01004472532,14,unknown,0,,outputs\pages\rsl01004472532\page_014.png,0,0.0,template_prediction,1,template_prediction;unknown,unknown
rsl01004472532,15,unknown,0,,outputs\pages\rsl01004472532\page_015.png,0,0.0,template_prediction,1,template_prediction;unknown,unknown
rsl01004472532,16,unknown,0,,outputs\pages\rsl01004472532\page_016.png,0,0.0,template_prediction,1,template_prediction;unknown,unknown
rsl01004472532,17,unknown,0,,outputs\pages\rsl01004472532\page_017.png,0,0.0,template_prediction,1,template_prediction;unknown,unknown
rsl01004472532,18,unknown,0,,outputs\pages\rsl01004472532\page_018.png,0,0.0,template_prediction,1,template_prediction;unknown,unknown
rsl01004472532,19,unknown,0,,outputs\pages\rsl01004472532\page_019.png,0,0.0,template_prediction,1,template_prediction;unknown,unknown
rsl01004472532,20,unknown,0,,outputs\pages\rsl01004472532\page_020.png,0,0.0,template_prediction,1,template_prediction;unknown,unknown
rsl01004472532,21,unknown,0,,outputs\pages\rsl01004472532\page_021.png,0,0.0,template_prediction,1,template_prediction;unknown,unknown
rsl01004472532,22,unknown,0,,outputs\pages\rsl01004472532\page_022.png,0,0.0,template_prediction,1,template_prediction;unknown,unknown
rsl01004472532,23,unknown,0,,outputs\pages\rsl01004472532\page_023.png,0,0.0,template_prediction,1,template_prediction;unknown,unknown
rsl01004472532,24,unknown,0,,outputs\pages\rsl01004472532\page_024.png,0,0.0,template_prediction,1,template_prediction;unknown,unknown
rsl01004472532,25,unknown,0,,outputs\pages\rsl01004472532\page_025.png,0,0.0,template_prediction,1,template_prediction;unknown,unknown
rsl01004472532,33,music,1,,outputs\pages\rsl01004472532\page_033.png,1,1.0,template_prediction,1,template_prediction,random_confident_music
rsl01004472532,41,music,1,,outputs\pages\rsl01004472532\page_041.png,1,1.0,template_prediction,1,template_prediction,random_confident_music
rsl01004472532,130,music,1,,outputs\pages\rsl01004472532\page_130.png,1,1.0,template_prediction,1,template_prediction,random_confident_music
rsl01004472532,137,music,1,,outputs\pages\rsl01004472532\page_137.png,1,1.0,template_prediction,1,template_prediction,random_confident_music
rsl01004472532,145,music,1,,outputs\pages\rsl01004472532\page_145.png,1,1.0,template_prediction,1,template_prediction,random_confident_music
rsl01004472532,168,music,1,,outputs\pages\rsl01004472532\page_168.png,1,1.0,template_prediction,1,template_prediction,random_confident_music
rsl01004472532,176,music,1,,outputs\pages\rsl01004472532\page_176.png,1,1.0,template_prediction,1,template_prediction;random_confident_music,random_confident_music
rsl01004472532,181,music,1,,outputs\pages\rsl01004472532\page_181.png,1,1.0,template_prediction,1,template_prediction,random_confident_music
rsl01004472532,188,music,1,,outputs\pages\rsl01004472532\page_188.png,1,1.0,template_prediction,1,template_prediction,random_confident_music
rsl01004472532,199,music,1,,outputs\pages\rsl01004472532\page_199.png,1,1.0,template_prediction,1,template_prediction,random_confident_music
rsl01004472532,216,music,1,,outputs\pages\rsl01004472532\page_216.png,1,1.0,template_prediction,1,template_prediction,random_confident_music
rsl01004472532,218,music,1,,outputs\pages\rsl01004472532\page_218.png,1,1.0,template_prediction,1,template_prediction,random_confident_music
rsl01004472532,219,music,1,,outputs\pages\rsl01004472532\page_219.png,1,1.0,template_prediction,1,template_prediction,random_confident_music
rsl01004472532,300,music,1,,outputs\pages\rsl01004472532\page_300.png,1,1.0,template_prediction,1,template_prediction,random_confident_music
rsl01004472532,305,music,1,,outputs\pages\rsl01004472532\page_305.png,1,1.0,template_prediction,1,template_prediction,random_confident_music
rsl01004472532,306,music,1,,outputs\pages\rsl01004472532\page_306.png,1,1.0,template_prediction,1,template_prediction,random_confident_music
rsl01004472532,341,music,1,,outputs\pages\rsl01004472532\page_341.png,1,1.0,template_prediction,1,template_prediction;last_2_pages,boundary_pages
rsl01004472532,342,music,1,,outputs\pages\rsl01004472532\page_342.png,1,1.0,template_prediction,1,template_prediction;last_2_pages,boundary_pages
rsl01004472536,1,music,1,,outputs\pages\rsl01004472536\page_001.png,1,0.9302,template_prediction,1,template_prediction;first_2_pages;low_confidence_music,boundary_pages;uncertain
rsl01004472536,2,music,1,,outputs\pages\rsl01004472536\page_002.png,1,0.857,template_prediction,1,template_prediction;uncertain_score;first_2_pages;low_confidence_music,boundary_pages;uncertain
rsl01004472536,3,unknown,0,,outputs\pages\rsl01004472536\page_003.png,0,0.0,template_prediction,1,template_prediction;unknown,unknown
rsl01004472536,21,music,1,,outputs\pages\rsl01004472536\page_021.png,1,1.0,template_prediction,1,template_prediction,random_confident_music
rsl01004472536,30,music,1,,outputs\pages\rsl01004472536\page_030.png,1,1.0,template_prediction,1,template_prediction,random_confident_music
rsl01004472536,42,music,1,,outputs\pages\rsl01004472536\page_042.png,1,1.0,template_prediction,1,template_prediction,random_confident_music
rsl01004472536,44,music,1,,outputs\pages\rsl01004472536\page_044.png,1,0.8,template_prediction,1,template_prediction;uncertain_score;low_confidence_music,uncertain
rsl01004472536,49,music,1,,outputs\pages\rsl01004472536\page_049.png,1,1.0,template_prediction,1,template_prediction;random_confident_music,random_confident_music
rsl01004472536,101,music,1,,outputs\pages\rsl01004472536\page_101.png,1,0.8,template_prediction,1,template_prediction;uncertain_score;low_confidence_music,uncertain
rsl01004472536,138,music,1,,outputs\pages\rsl01004472536\page_138.png,1,1.0,template_prediction,1,template_prediction,random_confident_music
rsl01004472536,142,music,1,,outputs\pages\rsl01004472536\page_142.png,1,0.6,template_prediction,1,template_prediction;uncertain_score;low_confidence_music,uncertain
rsl01004472536,147,music,1,,outputs\pages\rsl01004472536\page_147.png,1,1.0,template_prediction,1,template_prediction;last_2_pages,boundary_pages
rsl01004472536,148,music,1,,outputs\pages\rsl01004472536\page_148.png,1,1.0,template_prediction,1,template_prediction;last_2_pages,boundary_pages
rsl01004472537,1,music,1,,outputs\pages\rsl01004472537\page_001.png,1,0.9015,template_prediction,1,template_prediction;first_2_pages;low_confidence_music,boundary_pages;uncertain
rsl01004472537,2,music,1,,outputs\pages\rsl01004472537\page_002.png,1,1.0,template_prediction,1,template_prediction;first_2_pages,boundary_pages
rsl01004472537,3,unknown,0,,outputs\pages\rsl01004472537\page_003.png,0,0.0,template_prediction,1,template_prediction;unknown,unknown
rsl01004472537,41,music,1,,outputs\pages\rsl01004472537\page_041.png,1,0.9217,template_prediction,1,template_prediction;low_confidence_music,uncertain
rsl01004472537,53,music,1,,outputs\pages\rsl01004472537\page_053.png,1,1.0,template_prediction,1,template_prediction,random_confident_music
rsl01004472537,58,music,1,,outputs\pages\rsl01004472537\page_058.png,1,1.0,template_prediction,1,template_prediction,random_confident_music
rsl01004472537,76,music,1,,outputs\pages\rsl01004472537\page_076.png,1,1.0,template_prediction,1,template_prediction,random_confident_music
rsl01004472537,90,music,1,,outputs\pages\rsl01004472537\page_090.png,1,1.0,template_prediction,1,template_prediction,random_confident_music
rsl01004472537,100,music,1,,outputs\pages\rsl01004472537\page_100.png,1,1.0,template_prediction,1,template_prediction,random_confident_music
rsl01004472537,109,music,1,,outputs\pages\rsl01004472537\page_109.png,1,1.0,template_prediction,1,template_prediction,random_confident_music
rsl01004472537,142,music,1,,outputs\pages\rsl01004472537\page_142.png,1,1.0,template_prediction,1,template_prediction,random_confident_music
rsl01004472537,166,music,1,,outputs\pages\rsl01004472537\page_166.png,1,1.0,template_prediction,1,template_prediction,random_confident_music
rsl01004472537,169,music,1,,outputs\pages\rsl01004472537\page_169.png,1,1.0,template_prediction,1,template_prediction,random_confident_music
rsl01004472537,192,music,1,,outputs\pages\rsl01004472537\page_192.png,1,1.0,template_prediction,1,template_prediction,random_confident_music
rsl01004472537,196,music,1,,outputs\pages\rsl01004472537\page_196.png,1,1.0,template_prediction,1,template_prediction,random_confident_music
rsl01004472537,204,music,1,,outputs\pages\rsl01004472537\page_204.png,1,1.0,template_prediction,1,template_prediction;last_2_pages,boundary_pages
rsl01004472537,205,music,1,,outputs\pages\rsl01004472537\page_205.png,1,1.0,template_prediction,1,template_prediction;last_2_pages,boundary_pages
rsl01004472988,1,unknown,0,,outputs\pages\rsl01004472988\page_001.png,0,0.3602,template_prediction,1,template_prediction;unknown;uncertain_score;first_2_pages;high_score_non_music,boundary_pages;uncertain;unknown
rsl01004472988,2,music,1,,outputs\pages\rsl01004472988\page_002.png,1,1.0,template_prediction,1,template_prediction;first_2_pages,boundary_pages
rsl01004472988,3,music,1,,outputs\pages\rsl01004472988\page_003.png,1,1.0,template_prediction,1,template_prediction,random_confident_music
rsl01004472988,5,unknown,0,,outputs\pages\rsl01004472988\page_005.png,0,0.2488,template_prediction,1,template_prediction;unknown;uncertain_score;high_score_non_music,uncertain;unknown
rsl01004472988,10,unknown,0,,outputs\pages\rsl01004472988\page_010.png,0,0.3597,template_prediction,1,template_prediction;unknown;uncertain_score;high_score_non_music,uncertain;unknown
rsl01004472988,11,music,1,,outputs\pages\rsl01004472988\page_011.png,1,0.8961,template_prediction,1,template_prediction;uncertain_score;low_confidence_music,uncertain
rsl01004472988,13,music,1,,outputs\pages\rsl01004472988\page_013.png,1,0.8,template_prediction,1,template_prediction;uncertain_score;low_confidence_music,uncertain
rsl01004472988,14,unknown,0,,outputs\pages\rsl01004472988\page_014.png,0,0.3536,template_prediction,1,template_prediction;unknown;uncertain_score;high_score_non_music,uncertain;unknown
rsl01004472988,17,music,1,,outputs\pages\rsl01004472988\page_017.png,1,1.0,template_prediction,1,template_prediction;last_2_pages,boundary_pages
rsl01004472988,18,music,1,,outputs\pages\rsl01004472988\page_018.png,1,0.6,template_prediction,1,template_prediction;uncertain_score;last_2_pages;low_confidence_music,boundary_pages;uncertain
rsl01004473008,1,unknown,0,,outputs\pages\rsl01004473008\page_001.png,0,0.147,template_prediction,1,template_prediction;unknown;uncertain_score;first_2_pages;high_score_non_music,boundary_pages;uncertain;unknown
rsl01004473008,2,unknown,0,,outputs\pages\rsl01004473008\page_002.png,0,0.1125,template_prediction,1,template_prediction;unknown;uncertain_score;first_2_pages;high_score_non_music,boundary_pages;uncertain;unknown
rsl01004473008,12,music,1,,outputs\pages\rsl01004473008\page_012.png,1,1.0,template_prediction,1,template_prediction,random_confident_music
rsl01004473008,33,music,1,,outputs\pages\rsl01004473008\page_033.png,1,1.0,template_prediction,1,template_prediction;random_confident_music,random_confident_music
rsl01004473008,46,music,1,,outputs\pages\rsl01004473008\page_046.png,1,1.0,template_prediction,1,template_prediction,random_confident_music
rsl01004473008,47,music,1,,outputs\pages\rsl01004473008\page_047.png,1,1.0,template_prediction,1,template_prediction,random_confident_music
rsl01004473008,55,music,1,,outputs\pages\rsl01004473008\page_055.png,1,1.0,template_prediction,1,template_prediction,random_confident_music
rsl01004473008,56,music,1,,outputs\pages\rsl01004473008\page_056.png,1,1.0,template_prediction,1,template_prediction,random_confident_music
rsl01004473008,73,music,1,,outputs\pages\rsl01004473008\page_073.png,1,1.0,template_prediction,1,template_prediction,random_confident_music
rsl01004473008,76,music,1,,outputs\pages\rsl01004473008\page_076.png,1,1.0,template_prediction,1,template_prediction,random_confident_music
rsl01004473008,79,music,1,,outputs\pages\rsl01004473008\page_079.png,1,1.0,template_prediction,1,template_prediction;last_2_pages,boundary_pages
rsl01004473008,80,music,1,,outputs\pages\rsl01004473008\page_080.png,1,1.0,template_prediction,1,template_prediction;last_2_pages,boundary_pages
rsl01004473064,1,music,1,,outputs\pages\rsl01004473064\page_001.png,1,0.827,template_prediction,1,template_prediction;uncertain_score;first_2_pages;low_confidence_music,boundary_pages;uncertain
rsl01004473064,2,music,1,,outputs\pages\rsl01004473064\page_002.png,1,0.9929,template_prediction,1,template_prediction;first_2_pages;random_confident_music,boundary_pages
rsl01004473064,3,music,1,,outputs\pages\rsl01004473064\page_003.png,1,0.8,template_prediction,1,template_prediction;uncertain_score;last_2_pages;low_confidence_music,boundary_pages;uncertain
rsl01004473064,4,music,1,,outputs\pages\rsl01004473064\page_004.png,1,1.0,template_prediction,1,template_prediction;last_2_pages,boundary_pages
rsl01004473106,1,music,1,,outputs\pages\rsl01004473106\page_001.png,1,0.8199,template_prediction,1,template_prediction;uncertain_score;first_2_pages;low_confidence_music,boundary_pages;uncertain
rsl01004473106,2,music,1,,outputs\pages\rsl01004473106\page_002.png,1,1.0,template_prediction,1,template_prediction;first_2_pages;last_2_pages,boundary_pages
rsl01004473106,3,music,1,,outputs\pages\rsl01004473106\page_003.png,1,1.0,template_prediction,1,template_prediction;last_2_pages,boundary_pages
rsl01004473127,1,unknown,0,,outputs\pages\rsl01004473127\page_001.png,0,0.4351,template_prediction,1,template_prediction;unknown;uncertain_score;first_2_pages;last_2_pages;high_score_non_music,boundary_pages;uncertain;unknown
rsl01004473127,2,music,1,,outputs\pages\rsl01004473127\page_002.png,1,1.0,template_prediction,1,template_prediction;first_2_pages;last_2_pages,boundary_pages
rsl01004473921,1,unknown,0,,outputs\pages\rsl01004473921\page_001.png,0,0.0801,template_prediction,1,template_prediction;unknown;first_2_pages;high_score_non_music,boundary_pages;uncertain;unknown
rsl01004473921,2,music,1,,outputs\pages\rsl01004473921\page_002.png,1,0.9139,template_prediction,1,template_prediction;first_2_pages;last_2_pages;low_confidence_music,boundary_pages;uncertain
rsl01004473921,3,music,1,,outputs\pages\rsl01004473921\page_003.png,1,0.8487,template_prediction,1,template_prediction;uncertain_score;last_2_pages;low_confidence_music,boundary_pages;uncertain
rsl01004475459,1,music,1,,outputs\pages\rsl01004475459\page_001.png,1,0.6,template_prediction,1,template_prediction;uncertain_score;first_2_pages;low_confidence_music,boundary_pages;uncertain
rsl01004475459,2,unknown,0,,outputs\pages\rsl01004475459\page_002.png,0,0.1128,template_prediction,1,template_prediction;unknown;uncertain_score;first_2_pages;high_score_non_music,boundary_pages;uncertain;unknown
rsl01004475459,17,music,1,,outputs\pages\rsl01004475459\page_017.png,1,1.0,template_prediction,1,template_prediction,random_confident_music
rsl01004475459,20,music,1,,outputs\pages\rsl01004475459\page_020.png,1,1.0,template_prediction,1,template_prediction;last_2_pages,boundary_pages
rsl01004475459,21,music,1,,outputs\pages\rsl01004475459\page_021.png,1,1.0,template_prediction,1,template_prediction;last_2_pages,boundary_pages
rsl01004475471,1,unknown,0,,outputs\pages\rsl01004475471\page_001.png,0,0.3421,template_prediction,1,template_prediction;unknown;uncertain_score;first_2_pages;high_score_non_music,boundary_pages;uncertain;unknown
rsl01004475471,2,unknown,0,,outputs\pages\rsl01004475471\page_002.png,0,0.1086,template_prediction,1,template_prediction;unknown;uncertain_score;first_2_pages;high_score_non_music,boundary_pages;uncertain;unknown
rsl01004475471,3,music,1,,outputs\pages\rsl01004475471\page_003.png,1,0.876,template_prediction,1,template_prediction;uncertain_score;low_confidence_music,uncertain
rsl01004475471,6,music,1,,outputs\pages\rsl01004475471\page_006.png,1,0.82,template_prediction,1,template_prediction;uncertain_score;low_confidence_music,uncertain
rsl01004475471,7,music,1,,outputs\pages\rsl01004475471\page_007.png,1,0.8618,template_prediction,1,template_prediction;uncertain_score;low_confidence_music,uncertain
rsl01004475471,9,music,1,,outputs\pages\rsl01004475471\page_009.png,1,0.801,template_prediction,1,template_prediction;uncertain_score;low_confidence_music,uncertain
rsl01004475471,10,unknown,0,,outputs\pages\rsl01004475471\page_010.png,0,0.0352,template_prediction,1,template_prediction;unknown,unknown
rsl01004475471,11,unknown,0,,outputs\pages\rsl01004475471\page_011.png,0,0.0,template_prediction,1,template_prediction;unknown,unknown
rsl01004475471,12,music,1,,outputs\pages\rsl01004475471\page_012.png,1,0.7879,template_prediction,1,template_prediction;uncertain_score;low_confidence_music,uncertain
rsl01004475471,13,music,1,,outputs\pages\rsl01004475471\page_013.png,1,0.8454,template_prediction,1,template_prediction;uncertain_score;low_confidence_music,uncertain
rsl01004475471,24,music,1,,outputs\pages\rsl01004475471\page_024.png,1,1.0,template_prediction,1,template_prediction;random_confident_music,random_confident_music
rsl01004475471,37,music,1,,outputs\pages\rsl01004475471\page_037.png,1,1.0,template_prediction,1,template_prediction,random_confident_music
rsl01004475471,46,music,1,,outputs\pages\rsl01004475471\page_046.png,1,1.0,template_prediction,1,template_prediction;last_2_pages,boundary_pages
rsl01004475471,47,music,1,,outputs\pages\rsl01004475471\page_047.png,1,1.0,template_prediction,1,template_prediction;last_2_pages,boundary_pages
rsl01004475472,1,music,1,,outputs\pages\rsl01004475472\page_001.png,1,0.696,template_prediction,1,template_prediction;uncertain_score;first_2_pages;low_confidence_music,boundary_pages;uncertain
rsl01004475472,2,music,1,,outputs\pages\rsl01004475472\page_002.png,1,0.7151,template_prediction,1,template_prediction;uncertain_score;first_2_pages;low_confidence_music,boundary_pages;uncertain
rsl01004475472,3,unknown,0,,outputs\pages\rsl01004475472\page_003.png,0,0.1436,template_prediction,1,template_prediction;unknown;uncertain_score;high_score_non_music,uncertain;unknown
rsl01004475472,5,unknown,0,,outputs\pages\rsl01004475472\page_005.png,0,0.0,template_prediction,1,template_prediction;unknown,unknown
rsl01004475472,8,music,1,,outputs\pages\rsl01004475472\page_008.png,1,1.0,template_prediction,1,template_prediction,random_confident_music
rsl01004475472,11,music,1,,outputs\pages\rsl01004475472\page_011.png,1,1.0,template_prediction,1,template_prediction,random_confident_music
rsl01004475472,18,music,1,,outputs\pages\rsl01004475472\page_018.png,1,1.0,template_prediction,1,template_prediction,random_confident_music
rsl01004475472,31,music,1,,outputs\pages\rsl01004475472\page_031.png,1,1.0,template_prediction,1,template_prediction;last_2_pages,boundary_pages
rsl01004475472,32,music,1,,outputs\pages\rsl01004475472\page_032.png,1,1.0,template_prediction,1,template_prediction;last_2_pages,boundary_pages
rsl01004476611,1,unknown,0,,outputs\pages\rsl01004476611\page_001.png,0,0.2527,template_prediction,1,template_prediction;unknown;uncertain_score;first_2_pages;high_score_non_music,boundary_pages;uncertain;unknown
rsl01004476611,2,music,1,,outputs\pages\rsl01004476611\page_002.png,1,0.9828,template_prediction,1,template_prediction;first_2_pages,boundary_pages
rsl01004476611,4,music,1,,outputs\pages\rsl01004476611\page_004.png,1,1.0,template_prediction,1,template_prediction;last_2_pages,boundary_pages
rsl01004476611,5,music,1,,outputs\pages\rsl01004476611\page_005.png,1,1.0,template_prediction,1,template_prediction;last_2_pages,boundary_pages
rsl01004477222,1,music,1,,outputs\pages\rsl01004477222\page_001.png,1,1.0,template_prediction,1,template_prediction;first_2_pages,boundary_pages
rsl01004477222,2,music,1,,outputs\pages\rsl01004477222\page_002.png,1,0.8727,template_prediction,1,template_prediction;uncertain_score;first_2_pages;low_confidence_music,boundary_pages;uncertain
rsl01004477222,3,music,1,,outputs\pages\rsl01004477222\page_003.png,1,1.0,template_prediction,1,template_prediction;last_2_pages,boundary_pages;random_confident_music
rsl01004477222,4,music,1,,outputs\pages\rsl01004477222\page_004.png,1,1.0,template_prediction,1,template_prediction;last_2_pages,boundary_pages
rsl01004477659,1,unknown,0,,outputs\pages\rsl01004477659\page_001.png,0,0.2863,template_prediction,1,template_prediction;unknown;uncertain_score;first_2_pages;high_score_non_music,boundary_pages;uncertain;unknown
rsl01004477659,2,music,1,,outputs\pages\rsl01004477659\page_002.png,1,1.0,template_prediction,1,template_prediction;first_2_pages,boundary_pages
rsl01004477659,7,music,1,,outputs\pages\rsl01004477659\page_007.png,1,1.0,template_prediction,1,template_prediction;last_2_pages,boundary_pages;random_confident_music
rsl01004477659,8,music,1,,outputs\pages\rsl01004477659\page_008.png,1,1.0,template_prediction,1,template_prediction;last_2_pages,boundary_pages;random_confident_music
rsl01004478004,1,music,1,,outputs\pages\rsl01004478004\page_001.png,1,1.0,template_prediction,1,template_prediction;first_2_pages,boundary_pages
rsl01004478004,2,music,1,,outputs\pages\rsl01004478004\page_002.png,1,0.9876,template_prediction,1,template_prediction;first_2_pages,boundary_pages
rsl01004478004,3,music,1,,outputs\pages\rsl01004478004\page_003.png,1,1.0,template_prediction,1,template_prediction;last_2_pages,boundary_pages
rsl01004478004,4,music,1,,outputs\pages\rsl01004478004\page_004.png,1,1.0,template_prediction,1,template_prediction;last_2_pages,boundary_pages
rsl01010549152,1,music,1,,outputs\pages\rsl01010549152\page_001.png,1,1.0,template_prediction,1,template_prediction;first_2_pages,boundary_pages;random_confident_music
rsl01010549152,2,music,1,,outputs\pages\rsl01010549152\page_002.png,1,1.0,template_prediction,1,template_prediction;first_2_pages,boundary_pages
rsl01010549152,3,unknown,0,,outputs\pages\rsl01010549152\page_003.png,0,0.32,template_prediction,1,template_prediction;unknown;uncertain_score;high_score_non_music,uncertain;unknown
rsl01010549152,4,unknown,0,,outputs\pages\rsl01010549152\page_004.png,0,0.32,template_prediction,1,template_prediction;unknown;uncertain_score;high_score_non_music,uncertain;unknown
rsl01010549152,5,unknown,0,,outputs\pages\rsl01010549152\page_005.png,0,0.32,template_prediction,1,template_prediction;unknown;uncertain_score;high_score_non_music,uncertain;unknown
rsl01010549152,6,unknown,0,,outputs\pages\rsl01010549152\page_006.png,0,0.285,template_prediction,1,template_prediction;unknown;uncertain_score;high_score_non_music,uncertain;unknown
rsl01010549152,7,unknown,0,,outputs\pages\rsl01010549152\page_007.png,0,0.285,template_prediction,1,template_prediction;unknown;uncertain_score;high_score_non_music,uncertain;unknown
rsl01010549152,12,unknown,0,,outputs\pages\rsl01010549152\page_012.png,0,0.285,template_prediction,1,template_prediction;unknown;uncertain_score;high_score_non_music,uncertain;unknown
rsl01010549152,13,unknown,0,,outputs\pages\rsl01010549152\page_013.png,0,0.285,template_prediction,1,template_prediction;unknown;uncertain_score;high_score_non_music,uncertain;unknown
rsl01010549152,15,unknown,0,,outputs\pages\rsl01010549152\page_015.png,0,0.285,template_prediction,1,template_prediction;unknown;uncertain_score;high_score_non_music,uncertain;unknown
rsl01010549152,16,unknown,0,,outputs\pages\rsl01010549152\page_016.png,0,0.285,template_prediction,1,template_prediction;unknown;uncertain_score;high_score_non_music,uncertain;unknown
rsl01010549152,17,unknown,0,,outputs\pages\rsl01010549152\page_017.png,0,0.285,template_prediction,1,template_prediction;unknown;uncertain_score;high_score_non_music,uncertain;unknown
rsl01010549152,18,unknown,0,,outputs\pages\rsl01010549152\page_018.png,0,0.285,template_prediction,1,template_prediction;unknown;uncertain_score;high_score_non_music,uncertain;unknown
rsl01010549152,19,unknown,0,,outputs\pages\rsl01010549152\page_019.png,0,0.285,template_prediction,1,template_prediction;unknown;uncertain_score;high_score_non_music,uncertain;unknown
rsl01010549152,20,unknown,0,,outputs\pages\rsl01010549152\page_020.png,0,0.285,template_prediction,1,template_prediction;unknown;uncertain_score;high_score_non_music,uncertain;unknown
rsl01010549152,21,unknown,0,,outputs\pages\rsl01010549152\page_021.png,0,0.285,template_prediction,1,template_prediction;unknown;uncertain_score;high_score_non_music,uncertain;unknown
rsl01010549152,22,unknown,0,,outputs\pages\rsl01010549152\page_022.png,0,0.285,template_prediction,1,template_prediction;unknown;uncertain_score;high_score_non_music,uncertain;unknown
rsl01010549152,23,unknown,0,,outputs\pages\rsl01010549152\page_023.png,0,0.285,template_prediction,1,template_prediction;unknown;uncertain_score;high_score_non_music,uncertain;unknown
rsl01010549152,24,unknown,0,,outputs\pages\rsl01010549152\page_024.png,0,0.285,template_prediction,1,template_prediction;unknown;uncertain_score;high_score_non_music,uncertain;unknown
rsl01010549152,25,unknown,0,,outputs\pages\rsl01010549152\page_025.png,0,0.285,template_prediction,1,template_prediction;unknown;uncertain_score;high_score_non_music,uncertain;unknown
rsl01010549152,26,unknown,0,,outputs\pages\rsl01010549152\page_026.png,0,0.285,template_prediction,1,template_prediction;unknown;uncertain_score;high_score_non_music,uncertain;unknown
rsl01010549152,27,unknown,0,,outputs\pages\rsl01010549152\page_027.png,0,0.285,template_prediction,1,template_prediction;unknown;uncertain_score;high_score_non_music,uncertain;unknown
rsl01010549152,28,unknown,0,,outputs\pages\rsl01010549152\page_028.png,0,0.285,template_prediction,1,template_prediction;unknown;uncertain_score;high_score_non_music,uncertain;unknown
rsl01010549152,29,unknown,0,,outputs\pages\rsl01010549152\page_029.png,0,0.285,template_prediction,1,template_prediction;unknown;uncertain_score;high_score_non_music,uncertain;unknown
rsl01010549152,30,unknown,0,,outputs\pages\rsl01010549152\page_030.png,0,0.285,template_prediction,1,template_prediction;unknown;uncertain_score;last_2_pages;high_score_non_music,boundary_pages;uncertain;unknown
rsl01010549152,31,unknown,0,,outputs\pages\rsl01010549152\page_031.png,0,0.285,template_prediction,1,template_prediction;unknown;uncertain_score;last_2_pages;high_score_non_music,boundary_pages;uncertain;unknown
rsl01010590489,1,unknown,0,,outputs\pages\rsl01010590489\page_001.png,0,0.1696,template_prediction,1,template_prediction;unknown;uncertain_score;first_2_pages;high_score_non_music,boundary_pages;uncertain;unknown
rsl01010590489,2,unknown,0,,outputs\pages\rsl01010590489\page_002.png,0,0.0,template_prediction,1,template_prediction;unknown;first_2_pages,boundary_pages;unknown
rsl01010590489,3,unknown,0,,outputs\pages\rsl01010590489\page_003.png,0,0.0,template_prediction,1,template_prediction;unknown,unknown
rsl01010590489,4,unknown,0,,outputs\pages\rsl01010590489\page_004.png,0,0.0,template_prediction,1,template_prediction;unknown,unknown
rsl01010590489,5,unknown,0,,outputs\pages\rsl01010590489\page_005.png,0,0.0,template_prediction,1,template_prediction;unknown,unknown
rsl01010590489,6,unknown,0,,outputs\pages\rsl01010590489\page_006.png,0,0.0,template_prediction,1,template_prediction;unknown,unknown
rsl01010590489,7,music,1,,outputs\pages\rsl01010590489\page_007.png,1,0.9197,template_prediction,1,template_prediction;low_confidence_music,uncertain
rsl01010590489,8,music,1,,outputs\pages\rsl01010590489\page_008.png,1,0.9307,template_prediction,1,template_prediction;low_confidence_music,uncertain
rsl01010590489,9,music,1,,outputs\pages\rsl01010590489\page_009.png,1,0.9007,template_prediction,1,template_prediction;low_confidence_music,uncertain
rsl01010590489,10,music,1,,outputs\pages\rsl01010590489\page_010.png,1,0.8691,template_prediction,1,template_prediction;uncertain_score;low_confidence_music,uncertain
rsl01010590489,11,music,1,,outputs\pages\rsl01010590489\page_011.png,1,0.9291,template_prediction,1,template_prediction;low_confidence_music,uncertain
rsl01010590489,13,music,1,,outputs\pages\rsl01010590489\page_013.png,1,0.9456,template_prediction,1,template_prediction;low_confidence_music,uncertain
rsl01010590489,14,music,1,,outputs\pages\rsl01010590489\page_014.png,1,0.6071,template_prediction,1,template_prediction;uncertain_score;low_confidence_music,uncertain
rsl01010590489,15,music,1,,outputs\pages\rsl01010590489\page_015.png,1,0.9364,template_prediction,1,template_prediction;low_confidence_music,uncertain
rsl01010590489,18,music,1,,outputs\pages\rsl01010590489\page_018.png,1,0.9432,template_prediction,1,template_prediction;low_confidence_music,uncertain
rsl01010590489,21,music,1,,outputs\pages\rsl01010590489\page_021.png,1,0.8251,template_prediction,1,template_prediction;uncertain_score;low_confidence_music,uncertain
rsl01010590489,22,music,1,,outputs\pages\rsl01010590489\page_022.png,1,0.8923,template_prediction,1,template_prediction;uncertain_score;low_confidence_music,uncertain
rsl01010590489,23,music,1,,outputs\pages\rsl01010590489\page_023.png,1,0.8917,template_prediction,1,template_prediction;uncertain_score;low_confidence_music,uncertain
rsl01010590489,25,music,1,,outputs\pages\rsl01010590489\page_025.png,1,0.9167,template_prediction,1,template_prediction;low_confidence_music,uncertain
rsl01010590489,26,unknown,0,,outputs\pages\rsl01010590489\page_026.png,0,0.0,template_prediction,1,template_prediction;unknown,unknown
rsl01010590489,27,music,1,,outputs\pages\rsl01010590489\page_027.png,1,0.8853,template_prediction,1,template_prediction;uncertain_score;low_confidence_music,uncertain
rsl01010590489,28,music,1,,outputs\pages\rsl01010590489\page_028.png,1,0.8986,template_prediction,1,template_prediction;uncertain_score;low_confidence_music,uncertain
rsl01010590489,29,music,1,,outputs\pages\rsl01010590489\page_029.png,1,0.9096,template_prediction,1,template_prediction;low_confidence_music,uncertain
rsl01010590489,30,music,1,,outputs\pages\rsl01010590489\page_030.png,1,0.9078,template_prediction,1,template_prediction;low_confidence_music,uncertain
rsl01010590489,31,music,1,,outputs\pages\rsl01010590489\page_031.png,1,0.8539,template_prediction,1,template_prediction;uncertain_score;low_confidence_music,uncertain
rsl01010590489,34,music,1,,outputs\pages\rsl01010590489\page_034.png,1,0.9376,template_prediction,1,template_prediction;low_confidence_music,uncertain
rsl01010590489,35,music,1,,outputs\pages\rsl01010590489\page_035.png,1,0.9113,template_prediction,1,template_prediction;low_confidence_music,uncertain
rsl01010590489,36,music,1,,outputs\pages\rsl01010590489\page_036.png,1,0.9309,template_prediction,1,template_prediction;low_confidence_music,uncertain
rsl01010590489,37,music,1,,outputs\pages\rsl01010590489\page_037.png,1,0.9302,template_prediction,1,template_prediction;low_confidence_music,uncertain
rsl01010590489,39,unknown,0,,outputs\pages\rsl01010590489\page_039.png,0,0.0,template_prediction,1,template_prediction;unknown,unknown
rsl01010590489,40,music,1,,outputs\pages\rsl01010590489\page_040.png,1,0.9239,template_prediction,1,template_prediction;low_confidence_music,uncertain
rsl01010590489,41,music,1,,outputs\pages\rsl01010590489\page_041.png,1,0.9324,template_prediction,1,template_prediction;low_confidence_music,uncertain
rsl01010590489,42,music,1,,outputs\pages\rsl01010590489\page_042.png,1,0.9052,template_prediction,1,template_prediction;low_confidence_music,uncertain
rsl01010590489,43,music,1,,outputs\pages\rsl01010590489\page_043.png,1,0.9211,template_prediction,1,template_prediction;low_confidence_music,uncertain
rsl01010590489,47,music,1,,outputs\pages\rsl01010590489\page_047.png,1,0.8221,template_prediction,1,template_prediction;uncertain_score;low_confidence_music,uncertain
rsl01010590489,48,music,1,,outputs\pages\rsl01010590489\page_048.png,1,0.9241,template_prediction,1,template_prediction;low_confidence_music,uncertain
rsl01010590489,49,music,1,,outputs\pages\rsl01010590489\page_049.png,1,0.9324,template_prediction,1,template_prediction;low_confidence_music,uncertain
rsl01010590489,50,music,1,,outputs\pages\rsl01010590489\page_050.png,1,0.9485,template_prediction,1,template_prediction;low_confidence_music,uncertain
rsl01010590489,51,music,1,,outputs\pages\rsl01010590489\page_051.png,1,0.9229,template_prediction,1,template_prediction;low_confidence_music,uncertain
rsl01010590489,52,music,1,,outputs\pages\rsl01010590489\page_052.png,1,0.9343,template_prediction,1,template_prediction;low_confidence_music,uncertain
rsl01010590489,53,music,1,,outputs\pages\rsl01010590489\page_053.png,1,0.9236,template_prediction,1,template_prediction;low_confidence_music,uncertain
rsl01010590489,54,music,1,,outputs\pages\rsl01010590489\page_054.png,1,0.8128,template_prediction,1,template_prediction;uncertain_score;low_confidence_music,uncertain
rsl01010590489,55,music,1,,outputs\pages\rsl01010590489\page_055.png,1,0.933,template_prediction,1,template_prediction;low_confidence_music,uncertain
rsl01010590489,58,music,1,,outputs\pages\rsl01010590489\page_058.png,1,0.9391,template_prediction,1,template_prediction;low_confidence_music,uncertain
rsl01010590489,60,music,1,,outputs\pages\rsl01010590489\page_060.png,1,0.9469,template_prediction,1,template_prediction;low_confidence_music,uncertain
rsl01010590489,61,unknown,0,,outputs\pages\rsl01010590489\page_061.png,0,0.0,template_prediction,1,template_prediction;unknown,unknown
rsl01010590489,62,music,1,,outputs\pages\rsl01010590489\page_062.png,1,0.9279,template_prediction,1,template_prediction;low_confidence_music,uncertain
rsl01010590489,63,music,1,,outputs\pages\rsl01010590489\page_063.png,1,0.9453,template_prediction,1,template_prediction;low_confidence_music,uncertain
rsl01010590489,66,music,1,,outputs\pages\rsl01010590489\page_066.png,1,0.9767,template_prediction,1,template_prediction,random_confident_music
rsl01010590489,67,music,1,,outputs\pages\rsl01010590489\page_067.png,1,0.8953,template_prediction,1,template_prediction;uncertain_score;low_confidence_music,uncertain
rsl01010590489,68,unknown,0,,outputs\pages\rsl01010590489\page_068.png,0,0.0,template_prediction,1,template_prediction;unknown;last_2_pages,boundary_pages;unknown
rsl01010590489,69,unknown,0,,outputs\pages\rsl01010590489\page_069.png,0,0.0374,template_prediction,1,template_prediction;unknown;last_2_pages,boundary_pages;unknown
rsl01011321153,1,music,1,,outputs\pages\rsl01011321153\page_001.png,1,0.6,template_prediction,1,template_prediction;uncertain_score;first_2_pages;low_confidence_music,boundary_pages;uncertain
rsl01011321153,2,unknown,0,,outputs\pages\rsl01011321153\page_002.png,0,0.355,template_prediction,1,template_prediction;unknown;uncertain_score;first_2_pages;high_score_non_music,boundary_pages;uncertain;unknown
rsl01011321153,4,unknown,0,,outputs\pages\rsl01011321153\page_004.png,0,0.355,template_prediction,1,template_prediction;unknown;uncertain_score;last_2_pages;high_score_non_music,boundary_pages;uncertain;unknown
rsl01011321153,5,unknown,0,,outputs\pages\rsl01011321153\page_005.png,0,0.355,template_prediction,1,template_prediction;unknown;uncertain_score;last_2_pages;high_score_non_music,boundary_pages;uncertain;unknown
rsl01011371809,1,music,1,,outputs\pages\rsl01011371809\page_001.png,1,1.0,template_prediction,1,template_prediction;first_2_pages,boundary_pages
rsl01011371809,2,music,1,,outputs\pages\rsl01011371809\page_002.png,1,1.0,template_prediction,1,template_prediction;first_2_pages;last_2_pages,boundary_pages
rsl01011371809,3,music,1,,outputs\pages\rsl01011371809\page_003.png,1,0.6,template_prediction,1,template_prediction;uncertain_score;last_2_pages;low_confidence_music,boundary_pages;uncertain
rsl01011551237,1,unknown,0,,outputs\pages\rsl01011551237\page_001.png,0,0.32,template_prediction,1,template_prediction;unknown;uncertain_score;first_2_pages;high_score_non_music,boundary_pages;uncertain;unknown
rsl01011551237,2,music,1,,outputs\pages\rsl01011551237\page_002.png,1,0.6,template_prediction,1,template_prediction;uncertain_score;first_2_pages;low_confidence_music,boundary_pages;uncertain
rsl01011551237,3,music,1,,outputs\pages\rsl01011551237\page_003.png,1,0.6,template_prediction,1,template_prediction;uncertain_score;low_confidence_music,uncertain
rsl01011551237,4,music,1,,outputs\pages\rsl01011551237\page_004.png,1,0.8,template_prediction,1,template_prediction;uncertain_score;low_confidence_music,uncertain
rsl01011551237,5,music,1,,outputs\pages\rsl01011551237\page_005.png,1,0.8,template_prediction,1,template_prediction;uncertain_score;low_confidence_music,uncertain
rsl01011551237,7,music,1,,outputs\pages\rsl01011551237\page_007.png,1,0.8,template_prediction,1,template_prediction;uncertain_score;low_confidence_music,uncertain
rsl01011551237,10,music,1,,outputs\pages\rsl01011551237\page_010.png,1,0.8,template_prediction,1,template_prediction;uncertain_score;low_confidence_music,uncertain
rsl01011551237,11,music,1,,outputs\pages\rsl01011551237\page_011.png,1,0.8,template_prediction,1,template_prediction;uncertain_score;low_confidence_music,uncertain
rsl01011551237,12,music,1,,outputs\pages\rsl01011551237\page_012.png,1,0.8,template_prediction,1,template_prediction;uncertain_score;low_confidence_music,uncertain
rsl01011551237,14,music,1,,outputs\pages\rsl01011551237\page_014.png,1,1.0,template_prediction,1,template_prediction;last_2_pages,boundary_pages
rsl01011551237,15,unknown,0,,outputs\pages\rsl01011551237\page_015.png,0,0.32,template_prediction,1,template_prediction;unknown;uncertain_score;last_2_pages;high_score_non_music,boundary_pages;uncertain;unknown
rsl01011764135,1,unknown,0,,outputs\pages\rsl01011764135\page_001.png,0,0.32,template_prediction,1,template_prediction;unknown;uncertain_score;first_2_pages;high_score_non_music,boundary_pages;uncertain;unknown
rsl01011764135,2,unknown,0,,outputs\pages\rsl01011764135\page_002.png,0,0.355,template_prediction,1,template_prediction;unknown;uncertain_score;first_2_pages;high_score_non_music,boundary_pages;uncertain;unknown
rsl01011764135,3,unknown,0,,outputs\pages\rsl01011764135\page_003.png,0,0.355,template_prediction,1,template_prediction;unknown;uncertain_score;high_score_non_music,uncertain;unknown
rsl01011764135,4,unknown,0,,outputs\pages\rsl01011764135\page_004.png,0,0.32,template_prediction,1,template_prediction;unknown;uncertain_score;high_score_non_music,uncertain;unknown
rsl01011764135,10,unknown,0,,outputs\pages\rsl01011764135\page_010.png,0,0.285,template_prediction,1,template_prediction;unknown;uncertain_score;high_score_non_music,uncertain;unknown
rsl01011764135,12,music,1,,outputs\pages\rsl01011764135\page_012.png,1,0.53,template_prediction,1,template_prediction;uncertain_score;low_confidence_music,uncertain
rsl01011764135,14,unknown,0,,outputs\pages\rsl01011764135\page_014.png,0,0.285,template_prediction,1,template_prediction;unknown;uncertain_score;high_score_non_music,uncertain;unknown
rsl01011764135,17,music,1,,outputs\pages\rsl01011764135\page_017.png,1,0.6,template_prediction,1,template_prediction;uncertain_score;low_confidence_music,uncertain
rsl01011764135,20,unknown,0,,outputs\pages\rsl01011764135\page_020.png,0,0.285,template_prediction,1,template_prediction;unknown;uncertain_score;high_score_non_music,uncertain;unknown
rsl01011764135,22,music,1,,outputs\pages\rsl01011764135\page_022.png,1,0.6,template_prediction,1,template_prediction;uncertain_score;low_confidence_music,uncertain
rsl01011764135,24,music,1,,outputs\pages\rsl01011764135\page_024.png,1,0.6,template_prediction,1,template_prediction;uncertain_score;low_confidence_music,uncertain
rsl01011764135,27,unknown,0,,outputs\pages\rsl01011764135\page_027.png,0,0.32,template_prediction,1,template_prediction;unknown;uncertain_score;high_score_non_music,uncertain;unknown
rsl01011764135,31,music,1,,outputs\pages\rsl01011764135\page_031.png,1,1.0,template_prediction,1,template_prediction,random_confident_music
rsl01011764135,32,music,1,,outputs\pages\rsl01011764135\page_032.png,1,1.0,template_prediction,1,template_prediction,random_confident_music
rsl01011764135,34,music,1,,outputs\pages\rsl01011764135\page_034.png,1,0.495,template_prediction,1,template_prediction;uncertain_score;low_confidence_music,uncertain
rsl01011764135,40,unknown,0,,outputs\pages\rsl01011764135\page_040.png,0,0.285,template_prediction,1,template_prediction;unknown;uncertain_score;high_score_non_music,uncertain;unknown
rsl01011764135,44,unknown,0,,outputs\pages\rsl01011764135\page_044.png,0,0.285,template_prediction,1,template_prediction;unknown;uncertain_score;high_score_non_music,uncertain;unknown
rsl01011764135,49,music,1,,outputs\pages\rsl01011764135\page_049.png,1,0.8,template_prediction,1,template_prediction;uncertain_score;low_confidence_music,uncertain
rsl01011764135,50,music,1,,outputs\pages\rsl01011764135\page_050.png,1,0.8,template_prediction,1,template_prediction;uncertain_score;low_confidence_music,uncertain
rsl01011764135,51,unknown,0,,outputs\pages\rsl01011764135\page_051.png,0,0.32,template_prediction,1,template_prediction;unknown;uncertain_score;high_score_non_music,uncertain;unknown
rsl01011764135,52,unknown,0,,outputs\pages\rsl01011764135\page_052.png,0,0.32,template_prediction,1,template_prediction;unknown;uncertain_score;high_score_non_music,uncertain;unknown
rsl01011764135,53,unknown,0,,outputs\pages\rsl01011764135\page_053.png,0,0.285,template_prediction,1,template_prediction;unknown;uncertain_score;high_score_non_music,uncertain;unknown
rsl01011764135,54,unknown,0,,outputs\pages\rsl01011764135\page_054.png,0,0.285,template_prediction,1,template_prediction;unknown;uncertain_score;high_score_non_music,uncertain;unknown
rsl01011764135,55,music,1,,outputs\pages\rsl01011764135\page_055.png,1,0.8,template_prediction,1,template_prediction;uncertain_score;low_confidence_music,uncertain
rsl01011764135,56,unknown,0,,outputs\pages\rsl01011764135\page_056.png,0,0.32,template_prediction,1,template_prediction;unknown;uncertain_score;high_score_non_music,uncertain;unknown
rsl01011764135,57,unknown,0,,outputs\pages\rsl01011764135\page_057.png,0,0.32,template_prediction,1,template_prediction;unknown;uncertain_score;high_score_non_music,uncertain;unknown
rsl01011764135,58,music,1,,outputs\pages\rsl01011764135\page_058.png,1,0.8,template_prediction,1,template_prediction;uncertain_score;last_2_pages;low_confidence_music,boundary_pages;uncertain
rsl01011764135,59,unknown,0,,outputs\pages\rsl01011764135\page_059.png,0,0.285,template_prediction,1,template_prediction;unknown;uncertain_score;last_2_pages;high_score_non_music,boundary_pages;uncertain;unknown
rsl01012190186,1,unknown,0,,outputs\pages\rsl01012190186\page_001.png,0,0.425,template_prediction,1,template_prediction;unknown;uncertain_score;first_2_pages;high_score_non_music,boundary_pages;uncertain;unknown
rsl01012190186,2,music,1,,outputs\pages\rsl01012190186\page_002.png,1,1.0,template_prediction,1,template_prediction;first_2_pages,boundary_pages;random_confident_music
rsl01012190186,3,unknown,0,,outputs\pages\rsl01012190186\page_003.png,0,0.32,template_prediction,1,template_prediction;unknown;uncertain_score;high_score_non_music,uncertain;unknown
rsl01012190186,4,unknown,0,,outputs\pages\rsl01012190186\page_004.png,0,0.285,template_prediction,1,template_prediction;unknown;uncertain_score;high_score_non_music,uncertain;unknown
rsl01012190186,5,unknown,0,,outputs\pages\rsl01012190186\page_005.png,0,0.32,template_prediction,1,template_prediction;unknown;uncertain_score;high_score_non_music,uncertain;unknown
rsl01012190186,6,unknown,0,,outputs\pages\rsl01012190186\page_006.png,0,0.355,template_prediction,1,template_prediction;unknown;uncertain_score;high_score_non_music,uncertain;unknown
rsl01012190186,7,unknown,0,,outputs\pages\rsl01012190186\page_007.png,0,0.39,template_prediction,1,template_prediction;unknown;uncertain_score;high_score_non_music,uncertain;unknown
rsl01012190186,8,unknown,0,,outputs\pages\rsl01012190186\page_008.png,0,0.285,template_prediction,1,template_prediction;unknown;uncertain_score;high_score_non_music,uncertain;unknown
rsl01012190186,9,music,1,,outputs\pages\rsl01012190186\page_009.png,1,0.8,template_prediction,1,template_prediction;uncertain_score;low_confidence_music,uncertain
rsl01012190186,12,music,1,,outputs\pages\rsl01012190186\page_012.png,1,0.6,template_prediction,1,template_prediction;uncertain_score;low_confidence_music,uncertain
rsl01012190186,13,music,1,,outputs\pages\rsl01012190186\page_013.png,1,0.6,template_prediction,1,template_prediction;uncertain_score;low_confidence_music,uncertain
rsl01012190186,17,music,1,,outputs\pages\rsl01012190186\page_017.png,1,0.6,template_prediction,1,template_prediction;uncertain_score;low_confidence_music,uncertain
rsl01012190186,18,music,1,,outputs\pages\rsl01012190186\page_018.png,1,0.8,template_prediction,1,template_prediction;uncertain_score;low_confidence_music,uncertain
rsl01012190186,19,music,1,,outputs\pages\rsl01012190186\page_019.png,1,0.6,template_prediction,1,template_prediction;uncertain_score;low_confidence_music,uncertain
rsl01012190186,20,music,1,,outputs\pages\rsl01012190186\page_020.png,1,0.8,template_prediction,1,template_prediction;uncertain_score;low_confidence_music,uncertain
rsl01012190186,21,music,1,,outputs\pages\rsl01012190186\page_021.png,1,0.6,template_prediction,1,template_prediction;uncertain_score;low_confidence_music,uncertain
rsl01012190186,22,music,1,,outputs\pages\rsl01012190186\page_022.png,1,0.8,template_prediction,1,template_prediction;uncertain_score;low_confidence_music,uncertain
rsl01012190186,25,music,1,,outputs\pages\rsl01012190186\page_025.png,1,0.6,template_prediction,1,template_prediction;uncertain_score;low_confidence_music,uncertain
rsl01012190186,26,music,1,,outputs\pages\rsl01012190186\page_026.png,1,1.0,template_prediction,1,template_prediction,random_confident_music
rsl01012190186,27,music,1,,outputs\pages\rsl01012190186\page_027.png,1,0.6,template_prediction,1,template_prediction;uncertain_score;low_confidence_music,uncertain
rsl01012190186,29,music,1,,outputs\pages\rsl01012190186\page_029.png,1,0.6,template_prediction,1,template_prediction;uncertain_score;low_confidence_music,uncertain
rsl01012190186,30,music,1,,outputs\pages\rsl01012190186\page_030.png,1,1.0,template_prediction,1,template_prediction,random_confident_music
rsl01012190186,32,music,1,,outputs\pages\rsl01012190186\page_032.png,1,0.6,template_prediction,1,template_prediction;uncertain_score;low_confidence_music,uncertain
rsl01012190186,33,music,1,,outputs\pages\rsl01012190186\page_033.png,1,0.8,template_prediction,1,template_prediction;uncertain_score;low_confidence_music,uncertain
rsl01012190186,37,music,1,,outputs\pages\rsl01012190186\page_037.png,1,0.565,template_prediction,1,template_prediction;uncertain_score;low_confidence_music,uncertain
rsl01012190186,38,music,1,,outputs\pages\rsl01012190186\page_038.png,1,0.565,template_prediction,1,template_prediction;uncertain_score;low_confidence_music,uncertain
rsl01012190186,39,music,1,,outputs\pages\rsl01012190186\page_039.png,1,0.8,template_prediction,1,template_prediction;uncertain_score;low_confidence_music,uncertain
rsl01012190186,40,music,1,,outputs\pages\rsl01012190186\page_040.png,1,0.495,template_prediction,1,template_prediction;uncertain_score;low_confidence_music,uncertain
rsl01012190186,41,music,1,,outputs\pages\rsl01012190186\page_041.png,1,0.6,template_prediction,1,template_prediction;uncertain_score;low_confidence_music,uncertain
rsl01012190186,42,music,1,,outputs\pages\rsl01012190186\page_042.png,1,0.8,template_prediction,1,template_prediction;uncertain_score;low_confidence_music,uncertain
rsl01012190186,43,music,1,,outputs\pages\rsl01012190186\page_043.png,1,0.6,template_prediction,1,template_prediction;uncertain_score;low_confidence_music,uncertain
rsl01012190186,44,music,1,,outputs\pages\rsl01012190186\page_044.png,1,0.6,template_prediction,1,template_prediction;uncertain_score;low_confidence_music,uncertain
rsl01012190186,45,music,1,,outputs\pages\rsl01012190186\page_045.png,1,0.6,template_prediction,1,template_prediction;uncertain_score;low_confidence_music,uncertain
rsl01012190186,48,music,1,,outputs\pages\rsl01012190186\page_048.png,1,0.6,template_prediction,1,template_prediction;uncertain_score;low_confidence_music,uncertain
rsl01012190186,49,music,1,,outputs\pages\rsl01012190186\page_049.png,1,0.8,template_prediction,1,template_prediction;uncertain_score;low_confidence_music,uncertain
rsl01012190186,52,music,1,,outputs\pages\rsl01012190186\page_052.png,1,0.6,template_prediction,1,template_prediction;uncertain_score;low_confidence_music,uncertain
rsl01012190186,53,music,1,,outputs\pages\rsl01012190186\page_053.png,1,0.6,template_prediction,1,template_prediction;uncertain_score;low_confidence_music,uncertain
rsl01012190186,54,music,1,,outputs\pages\rsl01012190186\page_054.png,1,0.8,template_prediction,1,template_prediction;uncertain_score;low_confidence_music,uncertain
rsl01012190186,56,music,1,,outputs\pages\rsl01012190186\page_056.png,1,0.6,template_prediction,1,template_prediction;uncertain_score;low_confidence_music,uncertain
rsl01012190186,57,music,1,,outputs\pages\rsl01012190186\page_057.png,1,0.6,template_prediction,1,template_prediction;uncertain_score;low_confidence_music,uncertain
rsl01012190186,58,unknown,0,,outputs\pages\rsl01012190186\page_058.png,0,0.32,template_prediction,1,template_prediction;unknown;uncertain_score;high_score_non_music,uncertain;unknown
rsl01012190186,59,unknown,0,,outputs\pages\rsl01012190186\page_059.png,0,0.32,template_prediction,1,template_prediction;unknown;uncertain_score;high_score_non_music,uncertain;unknown
rsl01012190186,60,music,1,,outputs\pages\rsl01012190186\page_060.png,1,1.0,template_prediction,1,template_prediction;last_2_pages,boundary_pages
rsl01012190186,61,music,1,,outputs\pages\rsl01012190186\page_061.png,1,0.8,template_prediction,1,template_prediction;uncertain_score;last_2_pages;low_confidence_music,boundary_pages;uncertain
rsl01012548998,1,music,1,,outputs\pages\rsl01012548998\page_001.png,1,0.46,template_prediction,1,template_prediction;uncertain_score;first_2_pages;low_confidence_music,boundary_pages;uncertain
rsl01012548998,2,music,1,,outputs\pages\rsl01012548998\page_002.png,1,0.8,template_prediction,1,template_prediction;uncertain_score;first_2_pages;low_confidence_music,boundary_pages;uncertain
rsl01012548998,6,unknown,0,,outputs\pages\rsl01012548998\page_006.png,0,0.285,template_prediction,1,template_prediction;unknown;uncertain_score;last_2_pages;high_score_non_music,boundary_pages;uncertain;unknown
rsl01012548998,7,unknown,0,,outputs\pages\rsl01012548998\page_007.png,0,0.32,template_prediction,1,template_prediction;unknown;uncertain_score;last_2_pages;high_score_non_music,boundary_pages;uncertain;unknown
rsl01013682642,1,music,1,,outputs\pages\rsl01013682642\page_001.png,1,1.0,template_prediction,1,template_prediction;first_2_pages,boundary_pages
rsl01013682642,2,unknown,0,,outputs\pages\rsl01013682642\page_002.png,0,0.32,template_prediction,1,template_prediction;unknown;uncertain_score;first_2_pages;high_score_non_music,boundary_pages;uncertain;unknown
rsl01013682642,3,music,1,,outputs\pages\rsl01013682642\page_003.png,1,0.8,template_prediction,1,template_prediction;uncertain_score;low_confidence_music,uncertain
rsl01013682642,4,unknown,0,,outputs\pages\rsl01013682642\page_004.png,0,0.285,template_prediction,1,template_prediction;unknown;uncertain_score;high_score_non_music,uncertain;unknown
rsl01013682642,5,unknown,0,,outputs\pages\rsl01013682642\page_005.png,0,0.32,template_prediction,1,template_prediction;unknown;uncertain_score;high_score_non_music,uncertain;unknown
rsl01013682642,6,unknown,0,,outputs\pages\rsl01013682642\page_006.png,0,0.285,template_prediction,1,template_prediction;unknown;uncertain_score;high_score_non_music,uncertain;unknown
rsl01013682642,7,unknown,0,,outputs\pages\rsl01013682642\page_007.png,0,0.285,template_prediction,1,template_prediction;unknown;uncertain_score;high_score_non_music,uncertain;unknown
rsl01013682642,8,unknown,0,,outputs\pages\rsl01013682642\page_008.png,0,0.285,template_prediction,1,template_prediction;unknown;uncertain_score;high_score_non_music,uncertain;unknown
rsl01013682642,9,unknown,0,,outputs\pages\rsl01013682642\page_009.png,0,0.285,template_prediction,1,template_prediction;unknown;uncertain_score;high_score_non_music,uncertain;unknown
rsl01013682642,12,music,1,,outputs\pages\rsl01013682642\page_012.png,1,0.8,template_prediction,1,template_prediction;uncertain_score;low_confidence_music,uncertain
rsl01013682642,13,music,1,,outputs\pages\rsl01013682642\page_013.png,1,0.6,template_prediction,1,template_prediction;uncertain_score;low_confidence_music,uncertain
rsl01013682642,16,music,1,,outputs\pages\rsl01013682642\page_016.png,1,0.6,template_prediction,1,template_prediction;uncertain_score;low_confidence_music,uncertain
rsl01013682642,17,music,1,,outputs\pages\rsl01013682642\page_017.png,1,0.6,template_prediction,1,template_prediction;uncertain_score;low_confidence_music,uncertain
rsl01013682642,18,unknown,0,,outputs\pages\rsl01013682642\page_018.png,0,0.285,template_prediction,1,template_prediction;unknown;uncertain_score;high_score_non_music,uncertain;unknown
rsl01013682642,19,unknown,0,,outputs\pages\rsl01013682642\page_019.png,0,0.3181,template_prediction,1,template_prediction;unknown;uncertain_score;high_score_non_music,uncertain;unknown
rsl01013682642,20,music,1,,outputs\pages\rsl01013682642\page_020.png,1,0.6,template_prediction,1,template_prediction;uncertain_score;low_confidence_music,uncertain
rsl01013682642,22,unknown,0,,outputs\pages\rsl01013682642\page_022.png,0,0.2154,template_prediction,1,template_prediction;unknown;uncertain_score;last_2_pages;high_score_non_music,boundary_pages;uncertain;unknown
rsl01013682642,23,music,1,,outputs\pages\rsl01013682642\page_023.png,1,1.0,template_prediction,1,template_prediction;last_2_pages,boundary_pages
rsl01013687437,1,music,1,,outputs\pages\rsl01013687437\page_001.png,1,0.8,template_prediction,1,template_prediction;uncertain_score;first_2_pages;low_confidence_music,boundary_pages;uncertain
rsl01013687437,2,music,1,,outputs\pages\rsl01013687437\page_002.png,1,1.0,template_prediction,1,template_prediction;first_2_pages,boundary_pages
rsl01013687437,3,unknown,0,,outputs\pages\rsl01013687437\page_003.png,0,0.285,template_prediction,1,template_prediction;unknown;uncertain_score;high_score_non_music,uncertain;unknown
rsl01013687437,4,unknown,0,,outputs\pages\rsl01013687437\page_004.png,0,0.32,template_prediction,1,template_prediction;unknown;uncertain_score;high_score_non_music,uncertain;unknown
rsl01013687437,5,unknown,0,,outputs\pages\rsl01013687437\page_005.png,0,0.32,template_prediction,1,template_prediction;unknown;uncertain_score;high_score_non_music,uncertain;unknown
rsl01013687437,6,unknown,0,,outputs\pages\rsl01013687437\page_006.png,0,0.32,template_prediction,1,template_prediction;unknown;uncertain_score;high_score_non_music,uncertain;unknown
rsl01013687437,7,unknown,0,,outputs\pages\rsl01013687437\page_007.png,0,0.32,template_prediction,1,template_prediction;unknown;uncertain_score;high_score_non_music,uncertain;unknown
rsl01013687437,8,unknown,0,,outputs\pages\rsl01013687437\page_008.png,0,0.32,template_prediction,1,template_prediction;unknown;uncertain_score;high_score_non_music,uncertain;unknown
rsl01013687437,9,unknown,0,,outputs\pages\rsl01013687437\page_009.png,0,0.32,template_prediction,1,template_prediction;unknown;uncertain_score;high_score_non_music,uncertain;unknown
rsl01013687437,10,unknown,0,,outputs\pages\rsl01013687437\page_010.png,0,0.32,template_prediction,1,template_prediction;unknown;uncertain_score;high_score_non_music,uncertain;unknown
rsl01013687437,11,unknown,0,,outputs\pages\rsl01013687437\page_011.png,0,0.32,template_prediction,1,template_prediction;unknown;uncertain_score;high_score_non_music,uncertain;unknown
rsl01013687437,12,unknown,0,,outputs\pages\rsl01013687437\page_012.png,0,0.32,template_prediction,1,template_prediction;unknown;uncertain_score;high_score_non_music,uncertain;unknown
rsl01013687437,13,unknown,0,,outputs\pages\rsl01013687437\page_013.png,0,0.32,template_prediction,1,template_prediction;unknown;uncertain_score;high_score_non_music,uncertain;unknown
rsl01013687437,14,unknown,0,,outputs\pages\rsl01013687437\page_014.png,0,0.32,template_prediction,1,template_prediction;unknown;uncertain_score;high_score_non_music,uncertain;unknown
rsl01013687437,15,unknown,0,,outputs\pages\rsl01013687437\page_015.png,0,0.32,template_prediction,1,template_prediction;unknown;uncertain_score;high_score_non_music,uncertain;unknown
rsl01013687437,16,unknown,0,,outputs\pages\rsl01013687437\page_016.png,0,0.32,template_prediction,1,template_prediction;unknown;uncertain_score;high_score_non_music,uncertain;unknown
rsl01013687437,17,unknown,0,,outputs\pages\rsl01013687437\page_017.png,0,0.355,template_prediction,1,template_prediction;unknown;uncertain_score;high_score_non_music,uncertain;unknown
rsl01013687437,18,unknown,0,,outputs\pages\rsl01013687437\page_018.png,0,0.3407,template_prediction,1,template_prediction;unknown;uncertain_score;high_score_non_music,uncertain;unknown
rsl01013687437,19,unknown,0,,outputs\pages\rsl01013687437\page_019.png,0,0.425,template_prediction,1,template_prediction;unknown;uncertain_score;high_score_non_music,uncertain;unknown
rsl01013687437,20,unknown,0,,outputs\pages\rsl01013687437\page_020.png,0,0.32,template_prediction,1,template_prediction;unknown;uncertain_score;high_score_non_music,uncertain;unknown
rsl01013687437,21,unknown,0,,outputs\pages\rsl01013687437\page_021.png,0,0.32,template_prediction,1,template_prediction;unknown;uncertain_score;high_score_non_music,uncertain;unknown
rsl01013687437,22,unknown,0,,outputs\pages\rsl01013687437\page_022.png,0,0.32,template_prediction,1,template_prediction;unknown;uncertain_score;high_score_non_music,uncertain;unknown
rsl01013687437,23,unknown,0,,outputs\pages\rsl01013687437\page_023.png,0,0.355,template_prediction,1,template_prediction;unknown;uncertain_score;high_score_non_music,uncertain;unknown
rsl01013687437,24,music,1,,outputs\pages\rsl01013687437\page_024.png,1,0.495,template_prediction,1,template_prediction;uncertain_score;low_confidence_music,uncertain
rsl01013687437,25,unknown,0,,outputs\pages\rsl01013687437\page_025.png,0,0.39,template_prediction,1,template_prediction;unknown;uncertain_score;high_score_non_music,uncertain;unknown
rsl01013687437,26,unknown,0,,outputs\pages\rsl01013687437\page_026.png,0,0.32,template_prediction,1,template_prediction;unknown;uncertain_score;high_score_non_music,uncertain;unknown
rsl01013687437,27,unknown,0,,outputs\pages\rsl01013687437\page_027.png,0,0.355,template_prediction,1,template_prediction;unknown;uncertain_score;high_score_non_music,uncertain;unknown
rsl01013687437,28,music,1,,outputs\pages\rsl01013687437\page_028.png,1,0.53,template_prediction,1,template_prediction;uncertain_score;low_confidence_music,uncertain
rsl01013687437,29,unknown,0,,outputs\pages\rsl01013687437\page_029.png,0,0.39,template_prediction,1,template_prediction;unknown;uncertain_score;high_score_non_music,uncertain;unknown
rsl01013687437,30,unknown,0,,outputs\pages\rsl01013687437\page_030.png,0,0.32,template_prediction,1,template_prediction;unknown;uncertain_score;high_score_non_music,uncertain;unknown
rsl01013687437,31,music,1,,outputs\pages\rsl01013687437\page_031.png,1,0.6,template_prediction,1,template_prediction;uncertain_score;low_confidence_music,uncertain
rsl01013687437,32,unknown,0,,outputs\pages\rsl01013687437\page_032.png,0,0.32,template_prediction,1,template_prediction;unknown;uncertain_score;high_score_non_music,uncertain;unknown
rsl01013687437,33,unknown,0,,outputs\pages\rsl01013687437\page_033.png,0,0.355,template_prediction,1,template_prediction;unknown;uncertain_score;high_score_non_music,uncertain;unknown
rsl01013687437,34,unknown,0,,outputs\pages\rsl01013687437\page_034.png,0,0.32,template_prediction,1,template_prediction;unknown;uncertain_score;high_score_non_music,uncertain;unknown
rsl01013687437,35,unknown,0,,outputs\pages\rsl01013687437\page_035.png,0,0.355,template_prediction,1,template_prediction;unknown;uncertain_score;high_score_non_music,uncertain;unknown
rsl01013687437,36,unknown,0,,outputs\pages\rsl01013687437\page_036.png,0,0.32,template_prediction,1,template_prediction;unknown;uncertain_score;high_score_non_music,uncertain;unknown
rsl01013687437,37,unknown,0,,outputs\pages\rsl01013687437\page_037.png,0,0.355,template_prediction,1,template_prediction;unknown;uncertain_score;high_score_non_music,uncertain;unknown
rsl01013687437,38,unknown,0,,outputs\pages\rsl01013687437\page_038.png,0,0.355,template_prediction,1,template_prediction;unknown;uncertain_score;high_score_non_music,uncertain;unknown
rsl01013687437,39,unknown,0,,outputs\pages\rsl01013687437\page_039.png,0,0.32,template_prediction,1,template_prediction;unknown;uncertain_score;high_score_non_music,uncertain;unknown
rsl01013687437,40,unknown,0,,outputs\pages\rsl01013687437\page_040.png,0,0.32,template_prediction,1,template_prediction;unknown;uncertain_score;high_score_non_music,uncertain;unknown
rsl01013687437,41,unknown,0,,outputs\pages\rsl01013687437\page_041.png,0,0.32,template_prediction,1,template_prediction;unknown;uncertain_score;high_score_non_music,uncertain;unknown
rsl01013687437,42,unknown,0,,outputs\pages\rsl01013687437\page_042.png,0,0.32,template_prediction,1,template_prediction;unknown;uncertain_score;high_score_non_music,uncertain;unknown
rsl01013687437,43,unknown,0,,outputs\pages\rsl01013687437\page_043.png,0,0.32,template_prediction,1,template_prediction;unknown;uncertain_score;high_score_non_music,uncertain;unknown
rsl01013687437,44,unknown,0,,outputs\pages\rsl01013687437\page_044.png,0,0.32,template_prediction,1,template_prediction;unknown;uncertain_score;high_score_non_music,uncertain;unknown
rsl01013687437,45,unknown,0,,outputs\pages\rsl01013687437\page_045.png,0,0.32,template_prediction,1,template_prediction;unknown;uncertain_score;high_score_non_music,uncertain;unknown
rsl01013687437,46,unknown,0,,outputs\pages\rsl01013687437\page_046.png,0,0.32,template_prediction,1,template_prediction;unknown;uncertain_score;high_score_non_music,uncertain;unknown
rsl01013687437,47,unknown,0,,outputs\pages\rsl01013687437\page_047.png,0,0.32,template_prediction,1,template_prediction;unknown;uncertain_score;high_score_non_music,uncertain;unknown
rsl01013687437,48,unknown,0,,outputs\pages\rsl01013687437\page_048.png,0,0.32,template_prediction,1,template_prediction;unknown;uncertain_score;high_score_non_music,uncertain;unknown
rsl01013687437,49,unknown,0,,outputs\pages\rsl01013687437\page_049.png,0,0.32,template_prediction,1,template_prediction;unknown;uncertain_score;high_score_non_music,uncertain;unknown
rsl01013687437,50,unknown,0,,outputs\pages\rsl01013687437\page_050.png,0,0.32,template_prediction,1,template_prediction;unknown;uncertain_score;high_score_non_music,uncertain;unknown
rsl01013687437,51,unknown,0,,outputs\pages\rsl01013687437\page_051.png,0,0.32,template_prediction,1,template_prediction;unknown;uncertain_score;high_score_non_music,uncertain;unknown
rsl01013687437,52,unknown,0,,outputs\pages\rsl01013687437\page_052.png,0,0.32,template_prediction,1,template_prediction;unknown;uncertain_score;high_score_non_music,uncertain;unknown
rsl01013687437,53,unknown,0,,outputs\pages\rsl01013687437\page_053.png,0,0.32,template_prediction,1,template_prediction;unknown;uncertain_score;high_score_non_music,uncertain;unknown
rsl01013687437,54,unknown,0,,outputs\pages\rsl01013687437\page_054.png,0,0.32,template_prediction,1,template_prediction;unknown;uncertain_score;high_score_non_music,uncertain;unknown
rsl01013687437,55,unknown,0,,outputs\pages\rsl01013687437\page_055.png,0,0.32,template_prediction,1,template_prediction;unknown;uncertain_score;high_score_non_music,uncertain;unknown
rsl01013687437,56,unknown,0,,outputs\pages\rsl01013687437\page_056.png,0,0.32,template_prediction,1,template_prediction;unknown;uncertain_score;high_score_non_music,uncertain;unknown
rsl01013687437,57,unknown,0,,outputs\pages\rsl01013687437\page_057.png,0,0.32,template_prediction,1,template_prediction;unknown;uncertain_score;high_score_non_music,uncertain;unknown
rsl01013687437,58,unknown,0,,outputs\pages\rsl01013687437\page_058.png,0,0.32,template_prediction,1,template_prediction;unknown;uncertain_score;high_score_non_music,uncertain;unknown
rsl01013687437,59,unknown,0,,outputs\pages\rsl01013687437\page_059.png,0,0.32,template_prediction,1,template_prediction;unknown;uncertain_score;high_score_non_music,uncertain;unknown
rsl01013687437,60,unknown,0,,outputs\pages\rsl01013687437\page_060.png,0,0.32,template_prediction,1,template_prediction;unknown;uncertain_score;high_score_non_music,uncertain;unknown
rsl01013687437,61,unknown,0,,outputs\pages\rsl01013687437\page_061.png,0,0.32,template_prediction,1,template_prediction;unknown;uncertain_score;high_score_non_music,uncertain;unknown
rsl01013687437,62,unknown,0,,outputs\pages\rsl01013687437\page_062.png,0,0.32,template_prediction,1,template_prediction;unknown;uncertain_score;high_score_non_music,uncertain;unknown
rsl01013687437,63,unknown,0,,outputs\pages\rsl01013687437\page_063.png,0,0.32,template_prediction,1,template_prediction;unknown;uncertain_score;high_score_non_music,uncertain;unknown
rsl01013687437,64,unknown,0,,outputs\pages\rsl01013687437\page_064.png,0,0.32,template_prediction,1,template_prediction;unknown;uncertain_score;high_score_non_music,uncertain;unknown
rsl01013687437,65,unknown,0,,outputs\pages\rsl01013687437\page_065.png,0,0.32,template_prediction,1,template_prediction;unknown;uncertain_score;high_score_non_music,uncertain;unknown
rsl01013687437,66,unknown,0,,outputs\pages\rsl01013687437\page_066.png,0,0.32,template_prediction,1,template_prediction;unknown;uncertain_score;high_score_non_music,uncertain;unknown
rsl01013687437,67,unknown,0,,outputs\pages\rsl01013687437\page_067.png,0,0.32,template_prediction,1,template_prediction;unknown;uncertain_score;high_score_non_music,uncertain;unknown
rsl01013687437,68,unknown,0,,outputs\pages\rsl01013687437\page_068.png,0,0.32,template_prediction,1,template_prediction;unknown;uncertain_score;high_score_non_music,uncertain;unknown
rsl01013687437,69,unknown,0,,outputs\pages\rsl01013687437\page_069.png,0,0.425,template_prediction,1,template_prediction;unknown;uncertain_score;high_score_non_music,uncertain;unknown
rsl01013687437,70,music,1,,outputs\pages\rsl01013687437\page_070.png,1,1.0,template_prediction,1,template_prediction;last_2_pages,boundary_pages
rsl01013687437,71,music,1,,outputs\pages\rsl01013687437\page_071.png,1,0.8,template_prediction,1,template_prediction;uncertain_score;last_2_pages;low_confidence_music,boundary_pages;uncertain
rsl01013957967,1,unknown,0,,outputs\pages\rsl01013957967\page_001.png,0,0.285,template_prediction,1,template_prediction;unknown;uncertain_score;first_2_pages;high_score_non_music,boundary_pages;uncertain;unknown
rsl01013957967,2,unknown,0,,outputs\pages\rsl01013957967\page_002.png,0,0.285,template_prediction,1,template_prediction;unknown;uncertain_score;first_2_pages;high_score_non_music,boundary_pages;uncertain;unknown
rsl01013957967,4,unknown,0,,outputs\pages\rsl01013957967\page_004.png,0,0.285,template_prediction,1,template_prediction;unknown;uncertain_score;high_score_non_music,uncertain;unknown
rsl01013957967,6,unknown,0,,outputs\pages\rsl01013957967\page_006.png,0,0.285,template_prediction,1,template_prediction;unknown;uncertain_score;high_score_non_music,uncertain;unknown
rsl01013957967,8,unknown,0,,outputs\pages\rsl01013957967\page_008.png,0,0.285,template_prediction,1,template_prediction;unknown;uncertain_score;high_score_non_music,uncertain;unknown
rsl01013957967,10,unknown,0,,outputs\pages\rsl01013957967\page_010.png,0,0.285,template_prediction,1,template_prediction;unknown;uncertain_score;high_score_non_music,uncertain;unknown
rsl01013957967,12,music,1,,outputs\pages\rsl01013957967\page_012.png,1,0.6,template_prediction,1,template_prediction;uncertain_score;low_confidence_music,uncertain
rsl01013957967,14,unknown,0,,outputs\pages\rsl01013957967\page_014.png,0,0.285,template_prediction,1,template_prediction;unknown;uncertain_score;high_score_non_music,uncertain;unknown
rsl01013957967,16,unknown,0,,outputs\pages\rsl01013957967\page_016.png,0,0.285,template_prediction,1,template_prediction;unknown;uncertain_score;high_score_non_music,uncertain;unknown
rsl01013957967,17,unknown,0,,outputs\pages\rsl01013957967\page_017.png,0,0.285,template_prediction,1,template_prediction;unknown;uncertain_score;high_score_non_music,uncertain;unknown
rsl01013957967,18,unknown,0,,outputs\pages\rsl01013957967\page_018.png,0,0.285,template_prediction,1,template_prediction;unknown;uncertain_score;high_score_non_music,uncertain;unknown
rsl01013957967,19,unknown,0,,outputs\pages\rsl01013957967\page_019.png,0,0.32,template_prediction,1,template_prediction;unknown;uncertain_score;high_score_non_music,uncertain;unknown
rsl01013957967,20,unknown,0,,outputs\pages\rsl01013957967\page_020.png,0,0.285,template_prediction,1,template_prediction;unknown;uncertain_score;high_score_non_music,uncertain;unknown
rsl01013957967,22,unknown,0,,outputs\pages\rsl01013957967\page_022.png,0,0.285,template_prediction,1,template_prediction;unknown;uncertain_score;high_score_non_music,uncertain;unknown
rsl01013957967,24,music,1,,outputs\pages\rsl01013957967\page_024.png,1,0.6,template_prediction,1,template_prediction;uncertain_score;low_confidence_music,uncertain
rsl01013957967,27,unknown,0,,outputs\pages\rsl01013957967\page_027.png,0,0.285,template_prediction,1,template_prediction;unknown;uncertain_score;high_score_non_music,uncertain;unknown
rsl01013957967,29,unknown,0,,outputs\pages\rsl01013957967\page_029.png,0,0.285,template_prediction,1,template_prediction;unknown;uncertain_score;high_score_non_music,uncertain;unknown
rsl01013957967,31,unknown,0,,outputs\pages\rsl01013957967\page_031.png,0,0.285,template_prediction,1,template_prediction;unknown;uncertain_score;high_score_non_music,uncertain;unknown
rsl01013957967,32,unknown,0,,outputs\pages\rsl01013957967\page_032.png,0,0.285,template_prediction,1,template_prediction;unknown;uncertain_score;high_score_non_music,uncertain;unknown
rsl01013957967,33,music,1,,outputs\pages\rsl01013957967\page_033.png,1,1.0,template_prediction,1,template_prediction,random_confident_music
rsl01013957967,34,unknown,0,,outputs\pages\rsl01013957967\page_034.png,0,0.285,template_prediction,1,template_prediction;unknown;uncertain_score;high_score_non_music,uncertain;unknown
rsl01013957967,36,unknown,0,,outputs\pages\rsl01013957967\page_036.png,0,0.285,template_prediction,1,template_prediction;unknown;uncertain_score;high_score_non_music,uncertain;unknown
rsl01013957967,37,unknown,0,,outputs\pages\rsl01013957967\page_037.png,0,0.285,template_prediction,1,template_prediction;unknown;uncertain_score;high_score_non_music,uncertain;unknown
rsl01013957967,43,unknown,0,,outputs\pages\rsl01013957967\page_043.png,0,0.285,template_prediction,1,template_prediction;unknown;uncertain_score;high_score_non_music,uncertain;unknown
rsl01013957967,46,unknown,0,,outputs\pages\rsl01013957967\page_046.png,0,0.285,template_prediction,1,template_prediction;unknown;uncertain_score;high_score_non_music,uncertain;unknown
rsl01013957967,47,music,1,,outputs\pages\rsl01013957967\page_047.png,1,1.0,template_prediction,1,template_prediction,random_confident_music
rsl01013957967,48,unknown,0,,outputs\pages\rsl01013957967\page_048.png,0,0.285,template_prediction,1,template_prediction;unknown;uncertain_score;high_score_non_music,uncertain;unknown
rsl01013957967,52,music,1,,outputs\pages\rsl01013957967\page_052.png,1,0.6,template_prediction,1,template_prediction;uncertain_score;low_confidence_music,uncertain
rsl01013957967,56,unknown,0,,outputs\pages\rsl01013957967\page_056.png,0,0.285,template_prediction,1,template_prediction;unknown;uncertain_score;high_score_non_music,uncertain;unknown
rsl01013957967,58,unknown,0,,outputs\pages\rsl01013957967\page_058.png,0,0.285,template_prediction,1,template_prediction;unknown;uncertain_score;high_score_non_music,uncertain;unknown
rsl01013957967,60,unknown,0,,outputs\pages\rsl01013957967\page_060.png,0,0.285,template_prediction,1,template_prediction;unknown;uncertain_score;high_score_non_music,uncertain;unknown
rsl01013957967,62,unknown,0,,outputs\pages\rsl01013957967\page_062.png,0,0.285,template_prediction,1,template_prediction;unknown;uncertain_score;high_score_non_music,uncertain;unknown
rsl01013957967,64,unknown,0,,outputs\pages\rsl01013957967\page_064.png,0,0.285,template_prediction,1,template_prediction;unknown;uncertain_score;high_score_non_music,uncertain;unknown
rsl01013957967,65,unknown,0,,outputs\pages\rsl01013957967\page_065.png,0,0.285,template_prediction,1,template_prediction;unknown;uncertain_score;high_score_non_music,uncertain;unknown
rsl01013957967,66,unknown,0,,outputs\pages\rsl01013957967\page_066.png,0,0.285,template_prediction,1,template_prediction;unknown;uncertain_score;high_score_non_music,uncertain;unknown
rsl01013957967,68,unknown,0,,outputs\pages\rsl01013957967\page_068.png,0,0.285,template_prediction,1,template_prediction;unknown;uncertain_score;high_score_non_music,uncertain;unknown
rsl01013957967,70,unknown,0,,outputs\pages\rsl01013957967\page_070.png,0,0.285,template_prediction,1,template_prediction;unknown;uncertain_score;high_score_non_music,uncertain;unknown
rsl01013957967,72,unknown,0,,outputs\pages\rsl01013957967\page_072.png,0,0.285,template_prediction,1,template_prediction;unknown;uncertain_score;high_score_non_music,uncertain;unknown
rsl01013957967,74,unknown,0,,outputs\pages\rsl01013957967\page_074.png,0,0.285,template_prediction,1,template_prediction;unknown;uncertain_score;high_score_non_music,uncertain;unknown
rsl01013957967,75,unknown,0,,outputs\pages\rsl01013957967\page_075.png,0,0.285,template_prediction,1,template_prediction;unknown;uncertain_score;high_score_non_music,uncertain;unknown
rsl01013957967,76,music,1,,outputs\pages\rsl01013957967\page_076.png,1,0.695,template_prediction,1,template_prediction;uncertain_score;low_confidence_music,uncertain
rsl01013957967,77,unknown,0,,outputs\pages\rsl01013957967\page_077.png,0,0.285,template_prediction,1,template_prediction;unknown;uncertain_score;high_score_non_music,uncertain;unknown
rsl01013957967,79,unknown,0,,outputs\pages\rsl01013957967\page_079.png,0,0.285,template_prediction,1,template_prediction;unknown;uncertain_score;high_score_non_music,uncertain;unknown
rsl01013957967,82,music,1,,outputs\pages\rsl01013957967\page_082.png,1,0.46,template_prediction,1,template_prediction;uncertain_score;low_confidence_music,uncertain
rsl01013957967,83,music,1,,outputs\pages\rsl01013957967\page_083.png,1,0.8,template_prediction,1,template_prediction;uncertain_score;low_confidence_music,uncertain
rsl01013957967,84,unknown,0,,outputs\pages\rsl01013957967\page_084.png,0,0.355,template_prediction,1,template_prediction;unknown;uncertain_score;last_2_pages;high_score_non_music,boundary_pages;uncertain;unknown
rsl01013957967,85,music,1,,outputs\pages\rsl01013957967\page_085.png,1,0.8,template_prediction,1,template_prediction;uncertain_score;last_2_pages;low_confidence_music,boundary_pages;uncertain
